trial,score,validity_rate,avg_cost,n_runs,n_valid,elapsed_s,pruned,base_penalty_factor,omega2_over_omega1,p_origin_penalty_w,p_delivery_once_w,p_position_once_w,p_dest_inclusion_w,p_consecutiveness_w,p_capacity_w,reward_regular,reward_tp_depot,reward_depot_tp
0,309.0823087799571,1.0,309.0823087799571,50,50,11.066718816757202,False,3.6621746474194996,0.8627358286640178,3.061978796339918,5.190609389379256,2.0921304830970557,0.7083786293111903,0.3265260874559779,6.996321093312014,1.8033450352296265,2.1242177333881367,0.06175348288740734
1,1000000000.0,0.0,0.0,50,0,26.037777423858643,False,28.831005765547808,0.6053448468001081,1.2431868873739664,2.272774770449704,2.283831568974037,1.2865447475421972,2.1465500833657276,3.739587639815868,0.8736874205941257,1.8355586841671383,0.4184815819561255
2,1000000000.0,0.0,0.0,50,0,19.52403998374939,False,2.7524631377335904,0.1498365454855079,2.0962449447596256,6.496231729751095,2.3977164751085183,2.1055143098130853,2.410416818561966,0.8483780953999829,1.822634555704315,0.5115723710618746,0.19515477895583855
3,1000000000.0,0.0,0.0,50,0,20.755998611450195,False,26.804952738183598,0.902165560356813,3.329390718407614,3.132296384213595,1.683704798044687,2.768508803397412,1.8165947255844452,1.415286761335841,1.4855307303338106,0.10316556334565519,2.7279612062363463
4,1000000000.0,0.0,0.0,50,0,26.880777835845947,False,2.4518996051190225,0.36385753170854673,1.5909887663129383,4.640476148244676,4.826971955402957,0.8209323765495554,3.881380048281778,6.313496175208359,2.8184968246925672,2.6844820512829464,1.7936999364332555
5,1000000000.0,0.0,0.0,50,0,30.10761523246765,False,24.40950569715374,0.06517805612564438,1.1859400184670081,1.3165910223737665,3.2773123153428503,1.6158414297889798,1.1582612239181942,6.71553131863947,1.0702599800807677,0.8428035290621423,1.6280882494747453
6,600000376.0737839,0.4,376.073783872648,50,20,17.462960243225098,False,1.6297166185747622,0.5529073188281501,0.7609272528791979,7.908208556203621,6.405713385076602,0.8749911579832723,0.12153625678204936,6.615960713411257,2.120572031542851,2.1870215041229617,2.3138110400578373
7,200000287.14394575,0.8,287.1439457948174,50,40,12.253230571746826,False,1.292552839158203,0.14633380642745356,0.905541708337954,7.041723981129155,5.363086887792905,1.3905022969253318,0.34787756611549214,2.8323674128674665,0.9755499660802411,2.1888185350141924,1.9126724140656393
8,1000000000.0,0.0,0.0,50,0,21.425639629364014,False,21.64652763840048,0.20574807773456674,0.918579860784056,5.992713510560965,6.325495340318282,2.2889810705210354,3.106772001822788,4.20346697273293,1.568198488145982,1.282623055075649,0.07625738023228557
9,319.446450398659,1.0,319.446450398659,50,50,10.240647792816162,False,1.453425511659038,0.054936415317897,2.7274364394232316,3.2004918675342866,4.559994838152919,3.6395092483117626,1.0722396936806122,3.577871922767223,2.266653415629146,0.6863944964748674,0.23093972948637898
10,1000000000.0,0.0,0.0,50,0,22.772425651550293,False,6.8186195754143535,0.3883941904924757,3.8933798877575296,5.022323266615578,1.1075741612967305,0.2510282798486152,1.0962294891842763,7.821049248934964,0.29090633924483944,2.97708799638101,0.8422828627191128
11,326.0677488020632,1.0,326.0677488020632,50,50,10.317116022109985,False,5.961359627719514,0.06202944876259913,2.7965886845157524,3.3976119561642966,3.6732032895166773,3.9643475921090467,0.9496289769617157,5.363100177897434,2.6290614969424864,1.251154814257557,0.9653015328007941
12,306.3865389269164,1.0,306.3865389269164,50,50,10.021524667739868,False,4.082883513503251,0.10273028568815318,2.696750308395824,3.767796885627754,3.91202090511337,3.984464473814997,0.7197372712501156,2.843649947818234,2.2879025612522867,0.8399729258109137,0.823505271227537
13,312.69929075655654,1.0,312.69929075655654,50,50,9.527159929275513,False,9.966121365984183,0.10437005098995727,2.9254313450949794,5.28215723428826,7.757365622458185,3.148825204565477,0.5458478583915654,1.9426990894129683,2.2995670324176327,1.679640531167207,0.9587558463196564
14,380000314.5326279,0.62,314.53262786122303,50,31,18.68261408805847,False,3.19230148208247,0.26952784772178723,2.346698428837574,3.9437281693227515,3.383465469947752,2.982749200795202,1.5615479249169573,5.118308874300325,2.986492803597511,2.24412995092169,0.7150614769491068
15,306.00727747150006,1.0,306.00727747150006,50,50,9.646310091018677,False,4.242967637063762,0.09608173125704073,3.4736264123083305,5.674307363517158,2.646423277410512,0.12546678393818533,0.48611473192392907,2.53951895742422,1.9340353277849767,1.0823401068184402,1.2740090192431748
16,304.57193252172766,1.0,304.57193252172766,50,50,9.909280061721802,False,11.067325278261885,0.09753810311841779,3.7808186375335855,4.116444532706599,3.6866151741929993,0.22440720219759908,0.6782125701877779,2.480527748467777,2.5071308865304625,1.0701119091242128,1.4237801228895228
17,1000000000.0,0.0,0.0,20,0,5.456359624862671,True,13.275474744019272,0.09116428638766029,3.856467994927379,6.020369423827789,2.913813933045003,0.13574294237715254,2.726052148152296,2.1476690751655503,2.5677286231890677,1.2079139870354492,1.3797965823961524
18,311.2090558358222,1.0,311.2090558358222,50,50,12.14430046081543,False,11.59079381220503,0.1435131908581583,3.5013941823946095,2.3361506441782702,5.7095623302195175,0.4306784664985881,1.5613807642646067,2.880304688109931,1.9895752547145689,0.23496958579769323,1.309201461183014
19,317.710223640253,1.0,317.710223640253,50,50,8.890263319015503,False,8.359111108602306,0.08156082273673741,3.524989786807644,4.2572042520924125,4.175136552410939,1.1392681581322242,1.4347477671181696,0.6301880262932662,1.4094445028258111,0.9982371196246638,2.132531180557133
20,700000168.029087,0.3,168.02908696137823,20,6,1.427119493484497,True,17.853259795179817,0.21365822498542247,3.966145744162291,7.274083213499038,2.8598521185181918,0.5372236545595235,0.721141976671919,4.831935999040214,0.4930309575785079,1.489470972718805,1.2133197918537435
21,314.7145768440229,1.0,314.7145768440229,50,50,9.86238956451416,False,4.349716841814673,0.11412913655208123,2.3425997046924056,3.936707861087286,3.9629863044558618,1.7665652059319028,0.7600902602938541,2.7493063857616913,2.5791066988679257,0.4749717569115776,0.5741584075985262
22,314.85747048394495,1.0,314.85747048394495,50,50,9.20992922782898,False,4.531574028818829,0.07466093072479155,3.2533536337141786,5.6982101538152925,4.892796051414017,2.394532037187745,0.5630292247124425,1.9740986975564851,2.276285728425854,0.9687489061309112,1.079030678105166
23,303.4693985619082,1.0,303.4693985619082,50,50,11.839029312133789,False,7.6828522006593545,0.11253352489156992,3.6304740146959293,4.683146966620986,2.774572555958163,3.457167271445129,0.28991612592892546,3.5522802701282874,2.4790945926398402,0.6695446911100509,1.5518228450867533
24,40000315.97881114,0.96,315.97881110366893,50,48,10.156029224395752,False,7.547155130479717,0.12595307264133002,3.6496299395825065,4.718152919059287,2.8217654395131175,3.465774041310009,0.11315167294065742,3.4960241926080045,2.488636412415424,0.45139031809492736,1.6645510928925127
25,100000290.60189654,0.9,290.6018965476393,50,45,15.202881813049316,False,16.331832904389273,0.16618816923220295,3.220048265807434,5.57002357153291,1.6475894975925958,2.594539725237233,0.4065245376224509,4.163110504188208,1.9236065264819444,1.4415236936830196,1.497898252935151
26,1000000000.0,0.0,0.0,20,0,5.5088791847229,True,5.713132713422352,0.05267282178859933,3.6987114940861616,6.5081634790964475,1.0631715603360252,1.8143266005022158,1.4447768655084914,1.2934624619596626,2.7587863340687355,1.108227145528889,2.162166644519569
27,317.74003632159764,1.0,317.74003632159764,50,50,9.697043895721436,False,9.432526080677372,0.07786435066429437,3.4130475755925604,4.473631261878801,3.2775404715291265,1.0748659300250052,0.8543670887661106,2.1788565371939583,2.995490062648261,0.6909571572291802,1.934310016634819
28,500000142.0144495,0.5,142.01444948257753,20,10,3.1461427211761475,True,2.1754486230908987,0.17916689682590664,2.040839777335762,2.886570208664653,2.5495746182393315,0.12007717282539904,1.2356257567624294,4.631415750877613,1.6347192517470561,1.7387759646870078,2.750904785069733
29,500000137.83788216,0.5,137.83788214732715,20,10,2.624436140060425,True,14.285251242706961,0.3092894286907468,3.058324784403639,5.219872775527387,1.481624222884536,0.6762875691350299,0.10325994022235307,3.1842699645694506,1.981149159849173,0.26813032553155536,1.1682803887035256
30,309.4197222536898,1.0,309.4197222536898,50,50,9.662027359008789,False,5.186715651976803,0.09909593596715141,3.7362434329481764,2.6285515141656663,1.9759112938964365,0.39972351706089815,0.43213790676782526,2.4482845614831867,1.699801881459475,0.008003883831843916,1.4409656621533955
31,148.063457129952,1.0,148.063457129952,20,20,1.0987963676452637,True,3.715632005580054,0.11466132758090425,2.5532523347787466,3.948649135681473,4.0035874454414975,3.921396558457511,0.69614726149973,1.38538990520865,2.4045800071467793,0.7779959239887886,0.7078379194918436
32,147.28561177510693,1.0,147.28561177510693,20,20,0.9805130958557129,True,3.565879314420051,0.08871776576449689,3.1107470757268674,3.6477109035503728,2.178729277785606,3.443821866932823,0.3418920416039747,3.4691529737881055,2.184791298776285,0.9728659565849919,1.633506185019561
33,150.53218989353923,1.0,150.53218989353923,20,20,1.5058321952819824,True,1.872653711189653,0.12880038099601604,1.789251423186212,4.209435649644097,3.671820257666882,3.696934354364259,0.6235827986086243,3.9530854010311627,2.095848800384356,0.5934131508377197,0.5197082382181364
34,149.16768449537417,1.0,149.16768449537417,20,20,1.098728895187378,True,6.8754178600489535,0.06942402814484376,2.56111513034165,1.6254751144905324,2.524425557499116,3.2469289679450686,0.8935245494599064,3.000922425789204,1.81023249472555,1.92326393503834,1.0660061824701361
35,250000132.03190303,0.75,132.0319030360736,20,15,2.6743621826171875,True,2.911953477972815,0.17722440233779427,3.5061845468484405,5.06752850522861,4.4964062740515995,2.762994848270824,2.2801338196563368,1.696916071851655,1.2829329948524533,0.8544099693596656,1.3100820574074563
36,298.3902341111095,1.0,298.3902341111095,50,50,10.940461158752441,False,1.0526334553851973,0.09354220220026128,2.9999836647403773,4.603838116953151,3.100916087498624,3.789907880839212,1.9235600715679393,1.144487580708947,2.765767587189498,1.379068213038868,1.7962256725289385
37,304.87947506620935,1.0,304.87947506620935,50,50,10.260334730148315,False,1.05916704036396,0.06340737246693595,2.9602173198675135,4.817186707502133,3.190796334183603,3.706743741998895,1.8577260982505095,1.1510988092664671,2.7913951797346903,1.4408036755194424,2.575682540074807
38,250000136.51479152,0.75,136.51479151537907,20,15,2.577873945236206,True,1.2740428161364847,0.0643572986693381,2.9791542584515005,4.822647930703549,3.152430227083703,3.6944769285829833,2.0841310479826727,0.9546786508680892,2.7901669007521552,1.5615053043992457,2.9894579205015375
39,250000143.7762392,0.75,143.7762391741017,20,15,2.474148750305176,True,1.0026324664714075,0.057438493708106705,3.2637769537476653,4.490501328418517,2.1985120324248317,3.046283578039007,1.8608026323949165,1.0567891050484661,2.717453573216366,1.9450324618584989,2.5827092315186784
40,500000143.17176676,0.5,143.17176677694036,20,10,2.9033422470092773,True,1.037010854709673,0.7945881665836324,3.743966299740965,6.277252199904154,3.515833315885569,3.35029377646662,2.45716767137686,1.6796395851080792,2.914814148672166,1.3347056363552259,2.4706213559159713
41,100000299.74978593,0.9,299.74978593937277,50,45,13.926376581192017,False,1.9146229041071658,0.08685605614855826,3.3806643884387326,5.517129042313942,2.96709978993285,3.5856404044798995,1.8581911953498214,2.4338756341212413,2.438424877272554,1.3911799383398575,1.8039009707474627
42,1000000000.0,0.0,0.0,20,0,5.3192737102508545,True,1.1917589567065177,0.05033497236406603,3.9792364511970106,4.865435361876116,2.529540908579197,3.7538953015988734,2.98458788790764,0.5589488023990418,2.6718795374148003,1.1557264010685389,2.1231120484922936
43,1000000000.0,0.0,0.0,20,0,5.714393138885498,True,11.055441786891967,0.06959633108758866,3.624310150146391,4.269036203048032,4.40149845674121,0.8226280923337801,3.359921165595252,2.492151329062719,2.828053157279358,1.5587897277781786,1.925172710249588
44,1000000000.0,0.0,0.0,20,0,5.032697677612305,True,1.5837226116182939,0.13063499799164363,2.82602992007147,3.3722977098472406,1.948145814840386,2.0162931775978667,3.8916092984100943,1.6066976609474248,2.446937377353948,1.0974994199793864,1.5592585286240104
45,1000000000.0,0.0,0.0,20,0,5.608739137649536,True,9.011883388586615,0.09609049624837204,3.1172876513423344,6.7683791025051,3.6834149766862048,1.441262501574745,2.576303067874217,1.1513737890574498,2.8530987768767866,1.6233658550105552,1.7547681155610722
46,250000145.52357066,0.75,145.52357065704675,20,15,2.3088715076446533,True,20.31147866749603,0.11436085246972658,3.357064508221725,5.845585339779938,3.163884196576481,2.9262376517351503,1.2507817283873481,5.861528058330377,2.600277977029229,1.8279293915846229,2.9958308376336236
47,309.2486398998478,1.0,309.2486398998478,50,50,11.363337993621826,False,2.3319012865872795,0.0799668287415829,3.8138385767370355,5.4151612496529795,4.92199377304336,3.871685868585777,2.2214193826675936,3.2596501882377282,2.1033066380557104,1.3469932318478814,2.2330107305461047
48,500000143.0278113,0.5,143.0278112911382,20,10,0.5777578353881836,True,1.3781627503258693,0.05789880839285376,1.3475506475441332,5.085761680703264,2.58949175211871,0.3079859175372093,1.0459075754329867,0.8190226551744046,2.3433321454790152,0.9915587046428644,2.015797387295919
49,1000000000.0,0.0,0.0,20,0,5.656779527664185,True,28.7417369733638,0.15675905824042424,2.5875150133660645,3.55835338502818,7.440363985006442,3.2816124132592575,3.552467339226789,7.734063941209967,2.518962560584828,0.5914728915557578,1.7082608786347142
50,1000000000.0,0.0,0.0,20,0,5.4691479206085205,True,11.39320024874759,0.2510780896070278,0.542770503290454,4.612985864937645,1.347311497862817,0.6114384996999027,1.7207417379577488,1.9951047859529418,1.1956209655949417,1.243859175104429,2.35665577289757
51,305.34142214661694,1.0,305.34142214661694,50,50,9.367072582244873,False,5.152642300028855,0.10635168217877133,2.820959181170425,3.6788704967272143,3.9027807288791183,3.803847110804005,0.25871575457293106,3.726150326108452,2.194471192648173,0.9056264001908862,0.9400725952297542
52,146.65343978159854,1.0,146.65343978159854,20,20,1.0254333019256592,True,6.813963660361087,0.1069962293491662,2.943254463670113,3.0299115157207206,4.180580767837871,3.563949024799273,0.3640100606799301,3.8052286175802683,2.659071021345178,0.8569128879664835,1.2099268513524923
53,147.0762704076805,1.0,147.0762704076805,20,20,0.9219698905944824,True,4.956690771739711,0.1410367334908239,3.1858252336547137,4.149133089853845,3.5165014151256213,3.81292553926467,0.26515234129646764,4.700677629778656,2.1317570500225878,0.34455286497554855,0.9041828708773285
54,147.27972947546988,1.0,147.27972947546988,20,20,1.1519370079040527,True,6.239181236925881,0.07311522741265924,2.707903887764814,4.4334277860703315,3.0079683030433286,3.4978412879125833,0.5093980704601702,2.6111486467124805,2.352403586665998,1.0816635019680525,1.3647845797512903
55,147.0501863977378,1.0,147.0501863977378,20,20,0.973914623260498,True,8.063698360782011,0.08871274791368496,3.568647545933514,3.7749373926414225,5.245691488387331,3.9669605076443144,0.2388852396229118,4.319014440200141,1.896343701902275,0.7254182056712983,1.5333198447483702
56,500000139.76996255,0.5,139.76996256053235,20,10,3.104976177215576,True,1.123829819748269,0.06427657130837203,2.0737091214144163,6.127799907334384,2.723333401000472,3.754718068314185,1.9621836967753175,3.1599659609015704,2.24178782765792,1.228721776667274,1.029234108553419
57,500000141.7814512,0.5,141.78145124213614,20,10,3.112020969390869,True,12.768457704330299,0.5335265706882351,2.853492858420415,4.834969995331966,3.3423064250362904,3.0811581628520455,0.24258652077061824,2.2635079368697655,0.7504333207492964,0.8814413045715965,0.3769108050077712
58,295.8212832544955,1.0,295.8212832544955,50,50,9.205697774887085,False,1.5989887136950962,0.12021002390508136,2.3983941446953994,3.3333099146860157,3.8705555406215644,2.310521037600806,1.644509914235011,3.6082551628732906,2.5457914140459503,2.5314742061800644,1.17005480162375
59,293.8449930238053,1.0,293.8449930238053,50,50,11.433435916900635,False,1.5157870503240072,0.12138588883310264,2.2346840119141302,1.9968611076574319,3.8180178539557454,2.507715647356281,1.6288129047828324,4.4226719612276435,2.5484989108050313,2.531794420249732,0.7068888961185854
60,150000152.3679164,0.85,152.367916361732,20,17,1.2032978534698486,True,1.4925809858649706,0.19971710438927104,2.245747310405069,1.8665616203663946,4.2409633227741415,2.279845652520541,1.624074687423531,5.461047976012609,2.7292793223808562,2.3856744960019904,0.7525975063206682
61,1000000000.0,0.0,0.0,20,0,3.291779041290283,True,1.7162419240913043,0.11911213321666692,1.902212516371774,2.1316759464330235,3.7766622771737053,2.5363900748400554,1.392655285927558,4.044294916512669,0.03904604163923109,2.5974090613248277,1.1393487421358417
62,1000000000.0,0.0,0.0,20,0,6.603873014450073,True,1.1691822695129204,0.10506893272545871,2.432794871181717,1.0703776664376758,3.8112241611555815,2.0690139129816347,2.026129621744861,4.360438325048646,2.5391378539247684,2.727166493493963,0.6414800395365661
63,250000138.08988643,0.75,138.08988642468495,20,15,2.8902792930603027,True,2.6623130145123137,0.1427113026127143,2.2979248433153305,3.283899915443351,3.4540350695323645,2.789773952112788,1.663204302985649,3.5195608912448746,2.9399786346297123,2.9120924304673137,0.8508446215348926
64,146.67982447641995,1.0,146.67982447641995,20,20,1.1249799728393555,True,1.309056994565123,0.08307697751487515,2.4517551102215847,2.6750984454045312,4.655774436391141,2.265024648030207,1.7989232829549433,3.712252453494517,2.628307088526257,2.4270643151821414,1.451931693626025
65,298.48145456402466,1.0,298.48145456402466,50,50,9.090192556381226,False,2.02130463189074,0.1294724054897639,2.2052963251571858,3.973704655906235,4.0379802876356985,1.8033241985571398,1.3661995238178075,5.169387670414645,2.418769303646007,2.5590985695325688,0.39580929986031776
66,297.63745088014366,1.0,297.63745088014366,50,50,9.041440486907959,False,1.9933162825020523,0.13460881496424754,1.9557130681225674,4.027803770042597,4.105753898233337,1.808489675670359,1.3338466446800443,5.037388189705931,2.8224446316107956,2.6203684295542713,0.39999361519382337
67,149.6744949350462,1.0,149.6744949350462,20,20,1.1321685314178467,True,2.0662184376388666,0.1556845337489164,1.6884121285928622,4.120326651347605,4.101710556062008,1.8053254088212765,1.314724569320282,5.113076019636899,2.480780719925761,2.6338891699617832,0.029433482687693524
68,250000135.4612979,0.75,135.46129789505534,20,15,2.9434733390808105,True,1.7123941147661315,0.18953365541002581,1.4775407427708642,3.0151361532143395,4.766514443150668,1.4693453289012928,1.528987634278534,5.915194988665227,2.370849218720613,2.7885137319521176,0.25338493853071176
69,295.98432646056295,1.0,295.98432646056295,50,50,9.09861946105957,False,2.475506088256654,0.13125411448573304,2.157137686762239,2.4487049050141634,4.307718155786647,1.965269909220325,0.9647530770968944,5.167787541344873,2.8933106291095125,2.4978191383127504,0.3770400813420778
70,148.84883836945517,1.0,148.84883836945517,20,20,1.127976417541504,True,2.738450200565359,0.13341794976968527,1.9229998503147896,2.17481059480199,5.377323017672263,1.6454586485367968,1.1506998166813804,5.060385756653861,2.878888548439979,2.508768948538242,0.3802388870462502
71,145.5980930481921,1.0,145.5980930481921,20,20,1.142679214477539,True,2.335345139049707,0.16747339758282917,2.2120079051503168,2.4148210131826477,4.283518321565563,1.9354415313294857,0.9783171936224786,5.604985463306908,2.576600476358429,2.285454597696449,0.12499120828637106
72,296.4947418001901,1.0,296.4947418001901,50,50,9.090227603912354,False,1.4938568607093612,0.12054573022408215,1.9256193934615808,1.4736645333745795,5.092404983884046,2.42443716264928,1.4608572935220883,4.485507282439731,2.714161656991897,2.145162924901986,0.26349611032394715
73,296.1031695588604,1.0,296.1031695588604,50,50,9.247600317001343,False,1.9059073230675188,0.12183475418168749,2.131622360306649,1.3567248920796209,5.07579599478407,2.5347816543204225,1.505382522003043,4.516315299704194,2.9785067169802377,2.0405336927732742,0.4908514473392746
74,293.20944282373944,1.0,293.20944282373944,50,50,9.145025730133057,False,1.9218832832215302,0.1287635173252644,2.144205727280028,1.4336494878705817,5.8985768469632145,2.4261676720205765,1.472342287519219,4.829464655869898,2.957229604947307,2.0560470487113536,0.48515753698662284
75,296.9303905387647,1.0,296.9303905387647,50,50,9.035893201828003,False,1.4815093476688082,0.11985285242529617,1.9755662107239995,1.5148069845933647,6.574359682587254,2.424780489670936,1.5061521118008827,4.873786930559205,2.9694609396177443,2.163522581630248,0.49462213784039955
76,291.1010642523617,1.0,291.1010642523617,50,50,8.672079801559448,False,1.4502455008273996,0.14845028960242698,1.9782586697350244,1.4626542805093603,6.3234735114229395,2.4059343320855358,1.4795666222134256,4.490804159555672,2.9992449717973355,2.122720394867826,0.5038063645270705
77,147.89904692546529,1.0,147.89904692546529,20,20,0.9730799198150635,True,1.5166920631376604,0.22790236354946206,1.8121159719924946,1.4462753353766509,6.319473611374141,2.436338488618371,1.5436695597671495,4.549524875367218,2.9393751277889777,2.0165442240208784,0.5152170191925773
78,296.67273924587545,1.0,296.67273924587545,50,50,9.303187370300293,False,1.7373582806794494,0.12009803362159331,2.1557318028634507,1.0002802016874317,6.000467996479845,2.1800205341800645,1.4758387465518508,4.408730553202329,2.9959200490546647,2.1246696277826884,0.22953703099161843
79,302.2754990677263,1.0,302.2754990677263,50,50,9.89470624923706,False,1.8383538883526078,0.16568200796435648,2.1291705139182966,1.0987054791969235,5.95653809917165,2.174242679981025,1.714878977509719,4.499380406723877,2.9982550397997554,2.089466631304906,0.29332772888848696
80,301.033750544489,1.0,301.033750544489,50,50,9.101602554321289,False,1.7334837998206025,0.14970345039240035,2.425122472046507,1.8166198894704992,6.891282798366899,2.6052335770591437,1.2681014352248963,4.118905345740308,2.8798619724663204,2.3151497839782014,0.12216877771546175
81,293.28326393652816,1.0,293.28326393652816,50,50,8.785884857177734,False,1.3938173859473864,0.11636165935060931,2.0132859064287856,1.4874719594303225,6.651674779680146,2.410004189848702,1.4926317066598416,4.911401001673547,2.9828952487742773,2.1805879119094276,0.4871849577880909
82,293.28185496210386,1.0,293.28185496210386,50,50,10.383473634719849,False,2.1927192869374537,0.12247600269923498,2.117411481337863,1.2611504762456518,5.845738230683768,2.690370669508817,1.192895031992316,4.787184540954335,2.713848318249022,2.0920950877335707,0.5934095022670589
83,296.5312331798108,1.0,296.5312331798108,50,50,9.001217365264893,False,1.371143989335774,0.14087159857734083,1.677069762704477,1.2671716484272717,5.613296786333007,2.6476123782551637,1.0680569881123825,4.820593401021324,2.7045634699207026,2.4674622573023592,0.6211602894386372
84,298.7668780482687,1.0,298.7668780482687,50,50,9.46915578842163,False,3.0995413941523675,0.109261470216771,2.026028853545815,1.8003018177323364,6.984798783452126,2.729281002757045,1.2131970668613137,4.748518751203179,2.8914022680754794,2.200546916162744,0.4584792508033062
85,200000293.75506637,0.8,293.7550664084396,50,40,29.64945673942566,False,2.201780842614491,0.124379596017495,1.822321490156249,1.9870297510361488,5.04037116729074,2.3602964788952683,1.6137773680762968,5.2860656967018675,2.7677452921159227,2.3566700389070068,0.307315543400673
86,147.8306331979308,1.0,147.8306331979308,20,20,1.0688731670379639,True,2.569008593391196,0.0984401700931923,2.115880190427204,1.6646503920825682,5.891464616988756,2.5168140005667463,0.8560045726899614,5.656762074174006,2.666453359841607,1.8210766807414596,0.7579729811243049
87,147.58603055282646,1.0,147.58603055282646,20,20,0.9798750877380371,True,1.2741725853892079,0.10110174616879765,2.3158338234512215,1.2421879434629801,6.124116899920443,2.8866222941412536,1.1667263633595417,3.945654510819795,2.9117673470214323,2.0339268804062214,0.6120475844672776
88,250000135.20985317,0.75,135.20985315769786,20,15,3.0030453205108643,True,1.6055352443821032,0.18206173112157364,1.553281724734142,1.404454227450352,5.62356801634505,1.9158431204509752,1.738276673292506,4.586489995270737,2.8266732587785985,1.9193769314164426,0.6956551738787123
89,303.1027430876691,1.0,303.1027430876691,50,50,9.989559650421143,False,2.416223621934584,0.1563205039453236,2.384727587867121,1.6202901323935495,6.728124748062436,2.677820990388935,1.3816245333351818,6.2228091052705725,2.7438717767948657,2.2262099774815773,0.17297402190914615
90,287.88716395629865,1.0,287.88716395629865,50,50,9.286390781402588,False,1.3856357367010104,0.11672596295160029,2.536097053359442,2.47848166481269,5.189926362153606,2.195886456568055,1.0181966975772547,4.926390593152157,2.849257452349866,1.715399276754701,0.5633250457743565
91,148.15726441930752,1.0,148.15726441930752,20,20,0.9666643142700195,True,1.3975716369168094,0.11291991018914073,2.4784327607684262,2.453322801785184,5.055290501422686,2.322755438462115,1.1125314698659272,4.962086706538306,2.8383587465164584,1.7272323243098513,0.5575288159107616
92,292.6430583291527,1.0,292.6430583291527,50,50,9.189233779907227,False,1.5875284235508664,0.125390625959432,2.5899122017860687,2.000032635773537,5.414796854543243,2.4886376334325675,0.9346291851080102,4.224465811656237,2.6926750719518897,2.063947551009517,0.33472140554067337
93,292.2611019746492,1.0,292.2611019746492,50,50,9.075846910476685,False,1.892742780781883,0.13812400757150003,2.550134488655324,2.0112895252889813,5.472408507930196,2.147259154290905,0.9861059238236153,5.398336039660903,2.631414769848514,2.028766241961397,0.32286239226221064
94,291.7558523147089,1.0,291.7558523147089,50,50,9.205200910568237,False,2.179211713842142,0.14644352839731098,2.596502862050024,2.701684074093703,5.439526738726819,2.1845852033099527,0.8021763781275205,5.327482402054054,2.6073333363993325,1.974040769481562,0.3284425954918435
95,143.85175785596886,1.0,143.85175785596886,20,20,1.5090630054473877,True,1.2202095389318015,0.16538323912689937,2.693009349811563,2.0418622791178414,5.366121948176145,2.2146208380362493,0.8773519460865101,4.19970999497229,2.598833073030953,1.937640074820511,0.3210410368090513
96,144.21754356727678,1.0,144.21754356727678,20,20,1.3440823554992676,True,1.635008108941757,0.14964167887611649,2.6282849937040407,2.6908162688867385,6.214042170862164,2.1200461331446343,0.6058232447221206,5.472372815834253,2.6325001792960854,1.877784614057324,0.5687383632663674
97,292.1824794506247,1.0,292.1824794506247,50,50,8.759082794189453,False,2.1397467422411722,0.13812499708581974,2.6333321692627147,2.8494040648908934,5.524269522039819,2.4888605590804547,0.7643488253611406,5.7703890325003035,2.525067367248513,1.7711114687288663,0.674129767208379
98,287.69840207420407,1.0,287.69840207420407,50,50,8.999748468399048,False,2.172753003610229,0.1394338951968084,2.541535198129669,2.2872397151760886,5.789240375019187,2.4973911705654053,0.750964717497755,6.301830882917852,2.790072894868265,1.7610579500508858,0.7955794302456831
99,294.5944200006695,1.0,294.5944200006695,50,50,9.678834915161133,False,3.304870894665481,0.14122072447677117,2.563981256202384,2.8451621679332932,5.814165046963664,2.8658069565981448,0.8000655964766773,6.662955279193847,2.770227185026129,1.7602386615317278,0.8096377763528598
