trial,score,validity_rate,delivery_fraction,avg_cost,n_runs,n_valid,elapsed_s,pruned,base_penalty_factor,omega2_over_omega1,p_origin_penalty_w,p_delivery_once_w,p_position_once_w,p_dest_inclusion_w,p_consecutiveness_w,p_capacity_w,reward_regular,reward_tp_depot,reward_depot_tp
0,655172413.7931035,0.0,0.3448275862068966,0.0,10,0,17.592029333114624,False,3.6621746474194996,0.8627358286640178,3.061978796339918,5.190609389379256,2.0921304830970557,0.7083786293111903,0.3265260874559779,6.996321093312014,1.8033450352296265,2.1242177333881367,0.06175348288740734
1,1000000000.0,0.0,0.0,0.0,10,0,2.0641250610351562,False,28.831005765547808,0.6053448468001081,1.2431868873739664,2.272774770449704,2.283831568974037,1.2865447475421972,2.1465500833657276,3.739587639815868,0.8736874205941257,1.8355586841671383,0.4184815819561255
2,1000000000.0,0.0,0.0,0.0,10,0,1.9470648765563965,False,2.7524631377335904,0.1498365454855079,2.0962449447596256,6.496231729751095,2.3977164751085183,2.1055143098130853,2.410416818561966,0.8483780953999829,1.822634555704315,0.5115723710618746,0.19515477895583855
3,1000000000.0,0.0,0.0,0.0,10,0,2.1265411376953125,False,26.804952738183598,0.902165560356813,3.329390718407614,3.132296384213595,1.683704798044687,2.768508803397412,1.8165947255844452,1.415286761335841,1.4855307303338106,0.10316556334565519,2.7279612062363463
4,1000000000.0,0.0,0.0,0.0,10,0,2.1621716022491455,False,2.4518996051190225,0.36385753170854673,1.5909887663129383,4.640476148244676,4.826971955402957,0.8209323765495554,3.881380048281778,6.313496175208359,2.8184968246925672,2.6844820512829464,1.7936999364332555
5,658620689.6551723,0.0,0.3413793103448276,0.0,10,0,32.67663526535034,False,24.40950569715374,0.06517805612564438,1.1859400184670081,1.3165910223737665,3.2773123153428503,1.6158414297889798,1.1582612239181942,6.71553131863947,1.0702599800807677,0.8428035290621423,1.6280882494747453
6,655172413.7931035,0.0,0.3448275862068966,0.0,10,0,20.123592853546143,False,1.6297166185747622,0.5529073188281501,0.7609272528791979,7.908208556203621,6.405713385076602,0.8749911579832723,0.12153625678204936,6.615960713411257,2.120572031542851,2.1870215041229617,2.3138110400578373
7,655172413.7931035,0.0,0.3448275862068966,0.0,10,0,20.108577728271484,False,1.292552839158203,0.14633380642745356,0.905541708337954,7.041723981129155,5.363086887792905,1.3905022969253318,0.34787756611549214,2.8323674128674665,0.9755499660802411,2.1888185350141924,1.9126724140656393
8,1000000000.0,0.0,0.0,0.0,10,0,2.2611379623413086,False,21.64652763840048,0.20574807773456674,0.918579860784056,5.992713510560965,6.325495340318282,2.2889810705210354,3.106772001822788,4.20346697273293,1.568198488145982,1.282623055075649,0.07625738023228557
9,655172413.7931035,0.0,0.3448275862068966,0.0,10,0,20.33395266532898,False,1.453425511659038,0.054936415317897,2.7274364394232316,3.2004918675342866,4.559994838152919,3.6395092483117626,1.0722396936806122,3.577871922767223,2.266653415629146,0.6863944964748674,0.23093972948637898
10,1000000000.0,0.0,0.0,0.0,10,0,1.9218873977661133,False,2.7297281166089666,0.08104453503601766,3.753941783199006,6.656842656950919,5.433826295572964,3.498696301732099,3.2343210999065466,1.8992754416452688,2.677676995469933,1.6180267257469523,2.4223204654921875
11,1000000000.0,0.0,0.0,0.0,10,0,1.6277673244476318,False,22.322961007291266,0.12962896813527133,0.8851817358468687,2.595546137793592,3.9897545203837943,3.2902575870977233,3.4568492746997395,0.5521409789839302,1.5322419077326972,1.252233009446337,0.6663234314121907
12,655172413.7931035,0.0,0.3448275862068966,0.0,10,0,20.645348072052002,False,1.5150094962153353,0.1374730187313928,3.800183963693817,3.262420524145287,4.631534352203563,2.8417739396911936,1.5181554492792466,7.788365620407205,2.8873418848263337,0.7553468874760925,1.4917455176771564
13,1000000000.0,0.0,0.0,0.0,10,0,2.1114697456359863,False,2.8370499454812608,0.11736970999525805,0.6291043157408648,5.266950337859278,4.51875316260203,0.30076712987495846,1.1867212105227847,7.311994144749903,0.7186856720009173,0.4346846162736693,1.468358280832689
14,655172413.7931035,0.0,0.3448275862068966,0.0,10,0,19.945279598236084,False,30.447508447441887,0.10325026457205005,2.852474415920575,6.331337307301023,2.6634628079467975,2.9400437595862523,1.5343542176050877,5.242293729451846,1.900589132282684,1.6073240522242753,0.2708693101632249
15,255172413.7931034,0.0,0.7448275862068966,0.0,10,0,8.78341794013977,False,18.08237756237007,0.13071170838815346,1.1528147863994898,1.2854259908833474,5.136250602317693,2.7425010111849013,0.164692532818639,4.340697937244608,0.6794873255938139,1.9355183712283495,0.5230992870149743
16,1000000000.0,0.0,0.0,0.0,10,0,1.9662344455718994,False,10.963896358898769,0.1592664464712787,3.7785549605785707,1.9626466090219528,3.3874644573518093,0.5425467328382974,3.7063051112863947,7.080045150357358,0.7738248831454668,1.9799521381025371,2.4516666006036476
17,1000000000.0,0.0,0.0,0.0,10,0,2.0229010581970215,False,6.849525542617368,0.24437754297365058,1.3464830181515808,1.6517193746412944,7.280510305673287,3.611630422936989,2.569095683365745,3.0427234328652553,1.0476287238379827,2.177867036610718,2.691330779857731
18,1000000000.0,0.0,0.0,0.0,10,0,1.6111643314361572,False,21.6370531677254,0.5171439905892993,2.747110761540007,1.588979754965342,2.131400998662296,3.604361335255609,2.4650733326724006,0.5689778871247224,0.3044146285980963,1.9905053073241674,0.01518475153865606
19,655172413.7931035,0.0,0.3448275862068966,0.0,10,0,19.60520029067993,False,1.7459839016739451,0.2587552224669915,2.9216331919244265,5.5637288165182035,2.5698851662239184,2.87749896325539,1.0252714412375203,2.9404977361945077,2.2394742153540723,1.948898697141644,2.5476702314825337
20,1000000000.0,0.0,0.0,0.0,10,0,0.9224534034729004,False,4.8833198994510285,0.8178081760009724,1.9620385780746812,4.166403754754588,1.1075741612967305,1.8085156171011372,0.5693369100293546,5.440337544769665,0.28956314155797247,2.967779447975832,0.8422828627191128
21,655172413.7931035,0.0,0.3448275862068966,0.0,10,0,15.735306739807129,False,4.261561354991926,0.4331253622295887,1.6122294556570038,7.965246719074361,6.64287169722779,0.846721154929568,0.11368483737581334,5.737073569845778,2.331941680325723,2.5653649129585836,1.0370812357448
22,1000000000.0,0.0,0.0,0.0,10,0,1.0945494174957275,False,12.155898347866257,0.6811378322247916,2.3886703738097914,7.944542428835263,6.177867998315144,2.3285795332195574,0.6698084657839467,4.910936842836326,0.013161003652265801,2.5594665553485703,1.162021860060523
23,655172413.7931035,0.0,0.3448275862068966,0.0,10,0,15.578097343444824,False,7.59106041282356,0.34575866033825453,0.568965841829565,4.66630336129025,7.414493012909949,0.9964777529936755,0.1054675503814444,6.1540476990785224,1.9536837931268973,2.3664508553876447,2.1494172016385593
24,655172413.7931035,0.0,0.3448275862068966,0.0,10,0,21.18932032585144,False,4.032039161667219,0.9536665255491082,3.253197551194994,3.7720979600397455,5.696365986821881,0.16779594989168023,0.7028328143155191,7.845691938295584,1.2421756585479267,1.2269081248762443,0.5695206214144268
25,655172413.7931035,0.0,0.3448275862068966,0.0,10,0,18.03390669822693,False,1.0751722681867768,0.66883019087242,2.4142199693740887,7.393776305670871,3.802538179509159,0.4998414710060687,0.38875602195713593,4.545685774904644,2.021744913963941,2.3109251361138354,1.1402285502717358
26,655172413.7931035,0.0,0.3448275862068966,0.0,10,0,21.078003883361816,False,14.418296125902001,0.32661630588570734,1.7930837095183723,5.310159559953076,7.986188830167995,1.3031180166195897,0.7948641919117836,6.014608625459985,2.5807426446290043,1.6844468837151916,0.8059868229278307
27,206896551.7241379,0.0,0.7931034482758621,0.0,10,0,7.79888916015625,False,1.9915965234172965,0.5404313282756318,3.5017702097188455,4.078137550567158,5.92714187959036,1.7732088152652334,0.37478801658490235,6.812884790881404,0.5529686336888282,2.9584691953627424,2.9185437884905494
28,448275862.06896555,0.0,0.5517241379310345,0.0,10,0,14.900907278060913,False,2.0212880400584687,0.4863689372084167,3.4100551542747137,4.208006535654554,5.784827354897834,2.538621847126657,0.4437991997479195,7.2763167641810655,0.6070763037795863,2.9736629158075707,2.981528355149126
29,482758620.6896551,0.0,0.5172413793103449,0.0,10,0,4.588035821914673,False,2.028881962832176,0.4479359316524596,3.4835467165909275,3.9065732459460496,5.8533835729528,1.9592885613706446,0.8816010110432457,7.602148927126104,0.503014779265038,2.959273450292348,2.9088145914753314
30,234482758.6206897,0.0,0.7655172413793103,0.0,10,0,10.016917943954468,False,6.69944731652728,0.1825199418245824,3.9576883374987295,2.6624929393387307,5.06948445083432,3.9901323310757952,1.506513644099215,6.86881792182156,0.5468796570206178,2.7511300213977807,2.9978804312513176
31,241379310.34482762,0.0,0.7586206896551724,0.0,10,0,9.222412347793579,False,8.704185957715307,0.19310132713947673,3.5700145858722694,1.1007574420529376,5.144052242575685,2.4435538796460134,0.42230022819639634,7.0643104150562035,0.5423533790728744,2.7769205526896363,2.9682184345777345
32,1000000000.0,0.0,0.0,0.0,10,0,1.033555507659912,False,8.840355397703663,0.18580235945603213,3.9759482976911067,1.1455341308231572,5.242190974101264,3.2177034039570853,1.4699866188592257,6.599642162229515,0.40012980608240784,2.742497186343385,2.7570752061600454
33,1000000000.0,0.0,0.0,0.0,10,0,1.1500988006591797,False,16.87589357561116,0.18100008227659428,3.0462728935447734,2.5000113884786397,4.047951172166767,2.414990758918177,2.055396038446388,6.813168210845258,0.0759857858367079,2.7424372878797034,2.1566002538124374
34,1000000000.0,0.0,0.0,0.0,10,0,1.1170401573181152,False,5.6420857636628465,0.2874489308398548,3.6234034940656312,1.0079648918362087,5.0931348724733425,3.8516066752461002,1.7723528461492428,5.720072483664695,0.18812763794753645,2.4946954372700874,2.995027730186192
35,220689655.1724138,0.0,0.7793103448275862,0.0,10,0,9.027884721755981,False,10.10804214888293,0.09933611252942147,3.98429920560887,2.0311894153629826,6.740978055613694,1.6395403063665508,0.5567950860437618,4.95303468717813,0.5629447104116427,2.8168897952414667,2.766869306971845
36,503448275.86206895,0.0,0.496551724137931,0.0,10,0,4.633809566497803,False,9.448794248070087,0.08669410083926224,3.9139575850847317,2.2259905733655048,6.961653563727985,1.6218659770665576,1.381859709902176,6.279879842550762,0.492963479746314,2.8162613790827815,2.7805177729352666
37,655172413.7931035,0.0,0.3448275862068966,0.0,10,0,21.761488676071167,False,6.093786600378355,0.10146567180972944,3.177964016422045,2.7238118174273636,6.776326896141551,1.1218101238756002,0.5283799010290411,7.987126896245021,1.2608902633352963,2.4106286360355984,2.602546971500784
38,141379310.34482753,0.0,0.8586206896551725,0.0,10,0,11.755792379379272,False,3.3863292277396493,0.2053148224052226,3.585301118476571,1.930873381980506,6.03454434131702,2.057979625800978,0.9047755022947503,7.1285356636473844,0.7995841119480955,2.6442146718743555,2.840236541267514
39,448275862.06896555,0.0,0.5517241379310345,0.0,10,0,16.183656454086304,False,3.446527975392133,0.21917309349575154,3.650621354151644,2.8456353079160466,7.81253006866345,1.543995670168414,1.8360624673267756,5.044646444226523,0.8735200431331487,2.5641684563526534,2.198335204850323
40,655172413.7931035,0.0,0.3448275862068966,0.0,10,0,21.10582184791565,False,3.422123294107142,0.07996235528365543,3.986087911450152,3.528306072989782,5.985893664008648,2.0754524882188448,0.9195459052770285,6.537696181742051,1.1882981925427636,2.8338505951467114,1.9446689616879826
41,262068965.51724136,0.0,0.7379310344827587,0.0,10,0,9.133937358856201,False,7.65291287563147,0.1699578177794214,3.5618219942199216,1.9586196086085506,6.478703294078599,1.864804091982045,1.275128663344696,7.069453254418687,0.5540980598720278,2.6687245316518107,2.8616376788757827
42,265517241.3793103,0.0,0.7344827586206897,0.0,10,0,12.021975994110107,False,5.472027922030444,0.2825405243841658,3.348744142902349,1.6024246400926416,5.528708548648032,2.142570253236929,0.34734689350855796,5.8275632907890955,0.8698392621967529,2.8716399519060696,2.5976513709902735
43,1000000000.0,0.0,0.0,0.0,10,0,1.0991201400756836,False,10.945344094795662,0.20218680960859886,3.733918032574075,2.052683051940873,6.093502846755002,1.6822565130015945,0.6885704026703869,7.478223415277293,0.38571621025624236,2.679762907469462,2.8305026040654138
44,151724137.93103445,0.0,0.8482758620689655,0.0,10,0,10.73400616645813,False,8.954660932648522,0.06687572379250972,3.4860020074090667,2.9399625846858615,4.9280155992592185,1.4162778097967688,0.9986907110177236,6.927459027022189,0.8002586184285776,2.3436154624128642,2.3875554057485
45,655172413.7931035,0.0,0.3448275862068966,0.0,10,0,21.32259488105774,False,4.698269598264937,0.05021766476520177,3.0573959517630658,3.0340844444646726,4.782312704688657,1.3828078088778362,0.9985662103439925,3.7388296681526088,1.6652115263105947,2.323328668506522,2.4128871259443736
46,655172413.7931035,0.0,0.3448275862068966,0.0,10,0,23.072439908981323,False,3.0125422678087137,0.06568655500012907,3.8647975848697684,2.3644347506103847,4.32462480488176,1.0644671805105217,1.6796710556444587,6.410264642758624,0.9887773414388323,2.451677925342697,2.6638597523919016
47,655172413.7931035,0.0,0.3448275862068966,0.0,10,0,19.95055341720581,False,2.1823646609294984,0.06488350947089257,3.2363979946032515,3.434077017123893,6.985186359920205,1.477982241286143,1.2856621168092417,1.9431428736225778,1.3745570962011542,2.603327991063747,2.5206251440459644
48,175862068.96551725,0.0,0.8241379310344827,0.0,10,0,10.196336269378662,False,6.68264632268154,0.09395456127773556,3.44794854018519,3.0117204603349768,4.9366665923885105,1.2236955754771437,1.078585804589367,6.740062443068669,0.7475085601235043,2.250228462187025,2.34307901807989
49,189655172.41379315,0.0,0.8103448275862069,0.0,10,0,11.716694116592407,False,13.691691511320517,0.07209581109440072,2.584208766292032,4.90094457549462,6.360440400931962,1.7229079377415257,1.1228887159323946,5.431057123619048,0.7947368644309405,2.262023410399563,2.2959123239790893
50,165517241.37931034,0.0,0.8344827586206897,0.0,10,0,12.344724178314209,False,12.85949121166005,0.06973224186117831,2.561474781312431,4.784586566645952,4.30472262448526,1.1969531754105363,1.091970810969988,5.444966158185429,0.804013725801134,2.073719086200788,1.9192968866321154
51,217241379.31034482,0.0,0.7827586206896552,0.0,10,0,12.559728622436523,False,12.500550872925903,0.0724836456734825,2.444880172077807,4.821046621854936,3.4452264208566308,1.2480371102850567,1.1185064040034611,6.106784282722628,0.7569408683336217,2.1355808862689756,1.9678856599831955
52,213793103.44827583,0.0,0.7862068965517242,0.0,10,0,11.511114358901978,False,15.321692199271348,0.05756427049530622,2.594146127717119,4.865435361876116,4.270505599317637,1.7710060685633473,0.8443571367884232,5.479165779161705,0.8966510648784112,2.2504730117554472,2.3149932254268997
53,1000000000.0,0.0,0.0,0.0,10,0,2.0833499431610107,False,7.610888634750576,0.08587376317302921,2.899161442657122,5.906218064000714,5.481050814249509,1.1813972926222178,2.7251025992128075,7.549448206888675,1.0995092705885046,2.058247681739682,1.717426214433421
54,199999999.99999997,0.0,0.8,0.0,10,0,11.533438444137573,False,14.030634567808155,0.11091461233779071,2.083969966481849,4.373505240503195,4.7474894875994815,2.1915297997009957,1.1908788142723785,4.6462037086104475,0.675364354091488,1.784069567642907,2.2635751624433307
55,189655172.41379315,0.0,0.8103448275862069,0.0,10,0,9.211272954940796,False,14.025196861901195,0.1105816927142679,2.20004597117846,4.474209269108892,4.797381919773148,0.7009920454453207,1.1638586586432342,3.419567533451418,0.7020960568228065,1.83330770708033,2.09001073217892
56,141379310.34482753,0.0,0.8586206896551725,0.0,10,0,8.550883293151855,False,12.416297934312498,0.07299979984498198,2.2650022919363666,5.135727636307715,3.8639750314149124,0.6569444768734789,1.0303261870910132,3.2910419908747817,0.8248447677211715,1.8553345482898356,2.0425642864777087
57,1000000000.0,0.0,0.0,0.0,10,0,2.0279884338378906,False,18.294778206951523,0.05871515386058196,2.5532734416782463,5.061086229936419,4.003634488204738,0.9252674800892203,2.2214193826675936,4.092559183177693,0.8099447197764554,1.448422807756057,1.8515353398467893
58,396551724.13793105,0.0,0.603448275862069,0.0,10,0,15.017006635665894,False,12.42043556681932,0.07132307631578055,2.696615226829701,5.609534014994306,2.9834073508482435,0.5958570412652697,1.015789141658251,2.4599433442567724,0.9763485455848404,2.066842283846342,1.6006139523682967
59,655172413.7931035,0.0,0.3448275862068966,0.0,10,0,20.76236653327942,False,24.780879437434063,0.09386013731753118,2.2576600468843275,5.094037310734086,3.595134444556558,0.38312798583349594,1.6134456661375247,3.3233484969494707,1.3986640931040584,2.213782207318873,2.029774033590704
60,655172413.7931035,0.0,0.3448275862068966,0.0,10,0,21.384355306625366,False,11.034881529816605,0.051378350723115244,1.8811005801758212,5.519709332383559,2.899290317085925,1.4563781867245928,1.3168507662068647,3.868179328435317,1.1201126592472679,1.438398242532636,2.3507218501560074
61,193103448.27586213,0.0,0.8068965517241379,0.0,10,0,9.067203283309937,False,16.505977015276276,0.07480426519319319,2.2312950203066317,4.540928154877665,4.480537885577995,0.7271592712151544,1.1347006389508965,3.3516419577579217,0.7015112296867941,1.7569335373738246,2.079435202571125
62,655172413.7931035,0.0,0.3448275862068966,0.0,10,0,20.128113269805908,False,13.358736590928432,0.12037447777141325,2.2155176918984236,6.2346030865613224,4.878962600087974,0.7194113081466367,0.7835021757157362,2.644545847221125,0.9510117167178936,1.8472155609708705,1.8052080011394158
63,165517241.37931034,0.0,0.8344827586206897,0.0,10,0,10.483293294906616,False,20.18355667486104,0.06720769595253112,1.697939291320385,3.736571147467773,4.377725534432566,0.9707046577201776,0.9671985723552593,3.2346259288689163,0.828863998790683,1.9187414662176632,1.3664843863864862
64,172413793.1034483,0.0,0.8275862068965517,0.0,10,0,17.12873363494873,False,20.12791911517329,0.0656281535320118,1.418968980304721,3.7170675388113836,3.785440181313677,0.9858247296200684,0.945446555569306,2.11430553466198,0.8189712776163905,1.9116027352855591,1.3737412829724431
65,655172413.7931035,0.0,0.3448275862068966,0.0,10,0,20.121933698654175,False,19.961362678865978,0.06337243421795932,1.3139837228611158,3.7681523369028667,3.7105660109767555,0.9410950838411283,0.9870768562752976,1.328713725812591,1.0030468936502455,1.5484707599003993,1.25370351683885
66,655172413.7931035,0.0,0.3448275862068966,0.0,10,0,20.538820505142212,False,27.412986614831357,0.08940106346342536,1.5265806485609401,3.072186020634101,4.376592467699464,1.294120736298115,0.6779346970166068,1.8788508302282776,1.1674454985554021,1.9098438552462604,1.373121719374677
67,568965517.2413794,0.0,0.43103448275862066,0.0,10,0,4.041473388671875,False,22.54203950054906,0.07924338133795229,1.090325117721672,3.47437364953709,3.133051047082337,0.8328787006027372,0.25527442947560086,2.2635079368697655,0.4390399102889947,2.0297241392112073,1.5981915275601417
68,231034482.7586207,0.0,0.7689655172413793,0.0,10,0,8.855578184127808,False,30.33466373581754,0.05925451048270973,1.6372008764337025,3.272758142621492,4.206026927761,1.0464137307954262,0.7841396297536316,3.0906727246143797,0.6440202787001215,1.7129088707350466,1.3617648009568377
69,1000000000.0,0.0,0.0,0.0,10,0,2.033447027206421,False,19.725518100150154,0.1410937541882614,1.41494647183492,3.991065786004073,3.827157920377688,0.4266200895023755,1.4379691081033916,1.0808886462525213,0.827297277404514,2.121535146687798,1.7108435045537838
70,1000000000.0,0.0,0.0,0.0,10,0,1.128091812133789,False,6.712495556844527,0.05475514604706257,1.7573318939483633,2.9316691422368177,4.0991311421738565,0.15536229702962567,0.912634701942662,7.24510232039855,0.2746230983059931,2.355249674890942,0.9595764727113661
71,158620689.6551724,0.0,0.8413793103448276,0.0,10,0,16.22279644012451,False,15.8584018052642,0.06962729279257447,2.0315552310302074,4.273000951817448,6.269311070592501,1.1783488883543698,1.052929068315473,5.206989636447004,0.7747265296495282,2.2661399206979755,2.480908263921811
72,203448275.86206892,0.0,0.7965517241379311,0.0,10,0,11.727530479431152,False,16.656960483079107,0.06684708563807622,2.0170286719689896,3.6917742450226134,4.56176979982287,1.1534493505909744,1.2299381634956756,4.381461748548991,0.9244784768838694,1.8739886482036527,2.4361766542148846
73,317241379.3103448,0.0,0.6827586206896552,0.0,10,0,13.32082986831665,False,24.577759418925883,0.07934043100756444,1.7242454004527317,4.28357980840974,3.5147629711753154,1.3575175374987478,0.5732248699694955,4.089095444741472,1.062837125630326,0.09849214418173302,1.4418288267923658
74,213793103.44827583,0.0,0.7862068965517242,0.0,10,0,11.868877172470093,False,10.046859506427552,0.0930354246131862,1.8776923363638158,4.698973727951531,4.967498371472665,0.9654685112455081,0.9874231808454947,5.2133102787252295,0.6383564181537003,1.982086607453535,2.2232688481385714
75,689655172.4137932,0.0,0.3103448275862069,0.0,10,0,40.76124358177185,False,8.562604356809112,0.06051495670297845,1.562593324991754,4.005592749869733,5.297894865420501,1.1874196210279802,1.4064738022376788,4.662559593025216,0.7445913034216918,2.1468028696353154,1.2523519791762305
76,655172413.7931035,0.0,0.3448275862068966,0.0,10,0,22.205162525177002,False,18.98780701600063,0.06918994659495872,1.0114271711983975,3.2727839284030287,5.644682522957801,0.6146345022669796,0.8615551953719963,2.264807961265247,1.3176025382606373,1.0342207793347562,2.485607221906458
77,658620689.6551723,0.0,0.3413793103448276,0.0,10,0,24.21104621887207,False,11.514221550494646,0.07638571047379923,1.475455712928486,3.764201911834929,3.8369594247631125,0.8719716515055911,1.0534487511424704,5.957516563673261,0.8375960222063893,2.4584175046078864,2.676348734562789
78,568965517.2413794,0.0,0.43103448275862066,0.0,10,0,5.177925109863281,False,15.606193552429046,0.05287859980420947,3.408633109312291,3.5918651608539998,3.2518898906096396,1.5024394607790257,0.7600159373958946,6.720366032986462,0.45032295703807224,2.2789589581613203,2.393339531774882
79,1000000000.0,0.0,0.0,0.0,10,0,2.344317674636841,False,21.713488250739303,0.08285736373418595,1.2604767231185385,5.380642075280673,4.6246283180740715,1.965269909220325,1.3518330644768648,6.395332232644777,0.3498217396109904,2.387912813056441,1.8796660853145275
80,655172413.7931035,0.0,0.3448275862068966,0.0,10,0,22.14427661895752,False,8.175594497507314,0.15625220185189842,3.1593110393835486,4.189118355279135,1.7360456606375032,1.0324191466383286,0.5282580451560492,3.133770580195225,0.9064256931945464,1.6470969382781102,2.1276931866393305
81,148275862.0689655,0.0,0.8517241379310345,0.0,10,0,15.783819437026978,False,9.943627775936495,0.07124444031441635,2.344020058800725,4.785330883996448,7.46032973991969,1.2499172543060706,1.1376921954495085,5.4933835688331945,0.7978096240988787,2.2173680818934307,1.9912144308486446
82,241379310.34482762,0.0,0.7586206896551724,0.0,10,0,9.33691930770874,False,9.539353723931379,0.06186388557474503,2.3362811080091253,4.627725583224144,7.425857144450441,0.7814540500108269,0.9236848157768839,2.8024706537312234,0.6243780664355459,2.097752261939585,1.5393914825588835
83,462068965.5172414,0.0,0.5379310344827586,0.0,10,0,21.44481325149536,False,10.494305604731807,0.0555069190154584,2.144258726604302,4.360734539757411,7.656299691229488,1.2597248183367566,0.6260658987296331,6.950499022954871,1.0268128628746527,0.2947919355273958,1.9998571422649316
84,148275862.0689655,0.0,0.8517241379310345,0.0,10,0,15.072574377059937,False,6.077078192836758,0.06746194331523282,2.0687383439446463,5.817634833862755,7.194544377629484,1.065938948927331,1.2263697325020653,5.272297322782354,0.7475581357079373,2.184615325047033,1.7134475578217212
85,162068965.51724136,0.0,0.8379310344827586,0.0,10,0,20.384775161743164,False,5.159439983085162,0.06817629472894124,1.9540672455812533,5.7858536471987785,7.132542289837152,1.0788692327011549,1.594242240663359,4.786290415925249,0.8003455360130469,1.987539638573743,1.6851449879914049
86,368965517.24137926,0.0,0.6310344827586207,0.0,10,0,13.828465938568115,False,12.12501189139918,0.38759481855372746,1.95754727987642,6.815550746272948,7.329375273280881,1.345150270453141,1.5793112804244958,5.56093647444919,1.1728011171364503,1.986365767698521,1.745723626760325
87,689655172.4137932,0.0,0.3103448275862069,0.0,10,0,39.88934111595154,False,5.037617653956918,0.06853410649082581,2.3248536961452,5.811853683994661,7.122786733570831,1.0729142480581328,1.8432752313815766,5.2121737542207915,0.6036937820848932,2.2081248992277724,1.904840729014879
88,1000000000.0,0.0,0.0,0.0,10,0,1.1614949703216553,False,4.018725954385611,0.07526540463666954,2.0682485923194216,6.314632589193692,6.572265244790118,1.5743598780711598,1.2527694382867436,4.824498817759476,0.22096876428330214,2.545875453381256,1.670822265133939
89,689655172.4137932,0.0,0.3103448275862069,0.0,10,0,20.028050899505615,False,5.935217334250095,0.06122499813649415,1.8590056774106292,5.702348719835775,7.5680348703121565,1.430626093039976,1.7186640743075887,5.663364790028583,0.48821307108263945,2.169297848984536,1.7967886474318702
90,655172413.7931035,0.0,0.3448275862068966,0.0,10,0,22.75082778930664,False,2.6261000309904605,0.0847270813133409,2.474976059420622,5.184125414361488,6.180461101669129,2.60331973521798,1.4789339998025541,5.358728634006499,1.6570445032093146,2.348723903797264,2.0387180136300214
91,682758620.6896552,0.0,0.31724137931034485,0.0,10,0,26.145293712615967,False,15.13785879780708,0.06690483046208878,1.9948560300770972,6.173859769650062,7.0305231239181065,1.1212571084502663,1.9502776536685884,5.17325455720816,0.800197401189171,1.9496106925637795,1.5262941353740482
92,655172413.7931035,0.0,0.3448275862068966,0.0,10,0,22.727115154266357,False,3.1015756473470044,0.0715176273376156,1.6988515562242192,5.036197179011453,7.945238231254444,0.9461116348001637,0.9397871922577246,4.549474274903984,0.8981436542641664,1.7996358401912427,1.6333463253065883
93,206896551.7241379,0.0,0.7931034482758621,0.0,10,0,12.329745292663574,False,5.196995677379894,0.055440377656249255,1.8276297513183357,6.549417490705429,6.830100587407758,0.7971939614783742,1.1730997425952612,5.015419208314028,0.7131462428200426,1.9040902790045995,1.383765450657085
94,213793103.44827583,0.0,0.7862068965517242,0.0,10,0,11.444685459136963,False,9.207325646644074,0.0652841736173304,2.13680971825641,5.4375394419498315,6.286324906196714,0.5272720541600917,1.062876321724401,4.8589948877743945,0.8367259545712287,2.4779993072136572,1.1992834728096817
95,655172413.7931035,0.0,0.3448275862068966,0.0,10,0,22.59139084815979,False,4.363696850988844,0.08115018993584965,1.9529479503357416,5.2083989301859335,7.721504717518088,0.26785089660195893,1.3243320607298736,4.344929991706261,0.9728295497253081,2.0795010191561185,1.8364069411023893
96,182758620.6896552,0.0,0.8172413793103448,0.0,10,0,17.74554705619812,False,12.672484694887409,0.10501932171113111,2.7551714879169817,6.056358400648496,7.4664147191231125,1.9073779116807783,0.7578888759920498,5.880160983898033,0.7474624799250356,2.6297348456683864,1.0837424791576518
97,317241379.3103448,0.0,0.6827586206896552,0.0,10,0,15.21643853187561,False,17.67221629972737,0.05715326651784786,1.6533081917992967,1.7396771337459112,7.227622805892403,0.8905604816116091,0.8651630561957746,3.85872883363019,1.1201462218605112,1.7356062111061996,2.587911859493838
98,210344827.58620688,0.0,0.7896551724137931,0.0,10,0,9.533392906188965,False,8.033601389673313,0.0889933346564148,2.524558198183727,4.786167994388468,6.635116696206872,1.1005118263893279,1.2209350436813027,3.598767192029376,0.5824989891140231,2.028099347751879,1.304937868030403
99,655172413.7931035,0.0,0.3448275862068966,0.0,10,0,21.417063236236572,False,20.304094240669947,0.07589139336065846,2.315509483758676,4.98285525764806,4.142678065035582,1.007339135058442,1.0931361551258345,1.6087946288410109,1.0603145861211143,2.2894088230501475,1.4415003753282964
100,1000000000.0,0.0,0.0,0.0,10,0,2.3506715297698975,False,6.181053015395692,0.06246517351533272,0.79552669096341,1.449142527651873,3.931697387018178,0.6477559414356697,1.3692236642731141,4.749669405064039,0.673169703680224,2.196506077685243,1.7646970895999046
101,248275862.06896558,0.0,0.7517241379310344,0.0,10,0,15.339419603347778,False,6.3760645582003885,0.096976744056319,3.633178366935083,2.4749803854563472,4.422905142458903,1.253902138835622,1.0283744669928876,6.273291049602914,0.7782549894419325,2.223767491665533,1.9449504165953229
102,137931034.48275867,0.0,0.8620689655172413,0.0,10,0,9.067313432693481,False,7.254473886420866,0.06984175651320165,3.7201061020595465,2.845923271865142,4.969988064764939,1.1832405533485764,1.0926811290809078,5.668572712866788,0.8749000907953545,2.0326627534268766,2.172454898374049
103,213793103.44827583,0.0,0.7862068965517242,0.0,10,0,11.614564657211304,False,11.378380923381082,0.07128990557539892,3.5395517797914726,4.546715529266099,6.820320762337178,1.2028523562362021,0.8434151622460486,5.338610042947362,0.8874162852064119,2.023358387783385,2.2373564088210323
104,137931034.48275867,0.0,0.8620689655172413,0.0,10,0,12.383287906646729,False,7.417215443382887,0.050871898601242145,3.776954034358722,3.90380111552837,3.6871948927998845,1.394268894975404,0.9624041936001819,5.592375172330581,0.8432768827785807,2.1064827302592013,2.0108592964633205
105,289655172.41379315,0.0,0.7103448275862069,0.0,10,0,14.65714430809021,False,7.620077012160986,0.0501628351643105,3.8221102842085375,4.109983185428707,7.1247421802717925,1.3684740912453934,1.173924564965915,5.598667449477005,0.9399856577172911,2.1585016645952484,2.0805733753620483
106,272413793.1034483,0.0,0.7275862068965517,0.0,10,0,9.75304627418518,False,5.525474372143894,0.060586891743524704,3.8700545513890208,2.7266457138839573,3.6715857876036413,1.5500205896830126,0.7232337466174572,5.77223748311406,0.5126310200713362,2.389980898122477,1.9544273596118404
107,655172413.7931035,0.0,0.3448275862068966,0.0,10,0,21.94465661048889,False,6.912103476977053,0.05343704621324681,2.1340347467265577,3.9027136254130195,4.726405713719778,2.314080797252884,1.294839373436499,5.004803970668843,0.8516827591678354,2.1061643440586657,2.164572384036952
108,655172413.7931035,0.0,0.3448275862068966,0.0,10,0,21.394906997680664,False,7.282910546835112,0.07662837240646467,3.6938986224351753,5.770359360102512,5.172206920375583,1.6356270244275266,1.566699674993368,6.106348121307532,1.014688665201436,1.8472371277476918,2.0045522601439543
109,241379310.34482762,0.0,0.7586206896551724,0.0,10,0,12.361230611801147,False,4.606525568255991,0.06909847580557735,3.3562617663425596,4.768928125300895,6.005950482842888,1.4426039185666044,1.0943608358522385,5.53702738049703,0.6915025529404469,2.513183825378552,1.8881343364851408
110,1000000000.0,0.0,0.0,0.0,10,0,2.0000579357147217,False,10.022473410835657,0.8246835426884624,3.6954914397065726,2.298377018026085,4.299237573628279,1.1652777456482273,3.021760907523113,5.097372562217573,1.2524491353541332,1.9451810124467772,2.1861190829163046
111,155172413.79310343,0.0,0.8448275862068966,0.0,10,0,15.933536291122437,False,8.23611147428237,0.06380269365465852,3.7983651234793814,4.412212764103696,3.342524119666805,1.3015341362693198,0.9653065831944945,5.287490153113658,0.7993172051338739,1.5723160530969547,2.2848516437570163
112,196551724.137931,0.0,0.803448275862069,0.0,10,0,14.223142147064209,False,8.411050260427634,0.057782846139379854,3.865833143940665,3.934301261993326,3.2201878613319184,1.2739524958221584,0.8313381063994475,5.270374999888688,0.739022032349972,1.556974650592697,2.3715332732710985
113,148275862.0689655,0.0,0.8517241379310345,0.0,10,0,9.084980487823486,False,8.940967238992245,0.06416437085756362,3.766844608954312,4.437046159465833,3.3236793385879677,2.027240452726983,1.0001464277730365,5.431281909405244,0.7916729032247156,2.055526549968294,2.277862120573495
114,282758620.6896552,0.0,0.7172413793103448,0.0,10,0,12.070086240768433,False,9.16496309578302,0.24328439762090173,3.7372374413401652,4.379521307556674,3.445490793532979,2.1902732603027752,1.2386961148315567,5.473192787779303,0.9325835362078944,2.3097654756798556,2.2656055773429475
115,199999999.99999997,0.0,0.8,0.0,10,0,9.67217469215393,False,7.0226038103386035,0.6091388100582176,3.8049875995311524,4.601243218463857,3.0808845352240115,1.7261127897452009,1.018148600876356,5.756805319495789,0.6523391069083418,1.117216498982119,2.5017132477268706
116,148275862.0689655,0.0,0.8517241379310345,0.0,10,0,10.916597843170166,False,7.826975138638384,0.0632901502622536,3.602813054941727,4.446267695008844,2.519962107543411,2.0052082785076966,0.6452110711689163,5.956497470813872,0.7768135600083482,2.009463452434512,2.128996472465099
117,220689655.1724138,0.0,0.7793103448275862,0.0,10,0,9.271935939788818,False,7.7993401505500906,0.052893066872580156,3.578032370899626,4.484507900087062,2.547570319190363,1.8660078623600722,0.8897260552222701,7.3992889173390655,0.5867696015131034,2.4184008092109437,2.114693483005933
118,151724137.93103445,0.0,0.8482758620689655,0.0,10,0,10.60371446609497,False,8.655538141931014,0.0638239995389541,3.465349704128779,4.925681077912923,2.675812571935686,1.972782878027932,1.138131702276071,7.721359050795781,0.7853577804192281,1.3592978801233038,2.307085735690276
119,141379310.34482753,0.0,0.8586206896551725,0.0,10,0,9.302037477493286,False,8.785736899333134,0.06390569801432806,3.494410788585134,4.262149013621673,2.1955993847618793,1.9482426246396365,0.6015619539287319,7.838762259292535,0.8723049759336907,1.5036298914469328,2.305954718823627
120,217241379.31034482,0.0,0.7827586206896552,0.0,10,0,13.207982540130615,False,8.923012044512683,0.05836536181359416,3.268884931106092,4.415347151340057,2.2029006091928807,1.9971935408678778,0.44383643618176083,7.7203583066008,0.8786737304203719,1.3696770310029347,2.302333288409846
121,196551724.137931,0.0,0.803448275862069,0.0,10,0,18.778353929519653,False,7.336185804657876,0.0627979261524208,3.5165517568901263,4.258726178454775,1.9707510439847935,2.137408274065338,0.641778158145967,7.158602295553838,0.6999455853053099,1.280872948468247,2.2149218530592747
122,189655172.41379315,0.0,0.8103448275862069,0.0,10,0,10.58899450302124,False,8.255583946037804,0.06226510223147081,3.6208980481265236,4.9432841105340675,2.783041200921437,2.0152714564632443,0.4718213078617227,7.9380829488175335,0.7471932094639193,1.369024191420491,2.422406024320982
123,472413793.1034482,0.0,0.5275862068965518,0.0,10,0,16.106956720352173,False,9.401733360856118,0.07496961480156844,3.4680974458809883,4.229406996599782,2.040845993853824,1.799427478175597,0.6439982076623065,7.533278300427971,0.967503300913806,1.1898845320802656,2.3006859321947677
124,1000000000.0,0.0,0.0,0.0,10,0,2.0078911781311035,False,10.772915221483963,0.056525222100354745,3.756255260674256,4.071130367122439,2.386639945571439,2.2301903805,3.7390342212168264,7.688269026390915,2.6096735733008627,1.47680404475645,2.555269253325543
125,165517241.37931034,0.0,0.8344827586206897,0.0,10,0,8.583405017852783,False,10.140823450925009,0.064094441723482,3.9181734854515504,2.130536926688182,2.632338226752521,2.0577584052025157,0.27478499756253927,6.097687110290088,0.639929670425931,2.1192798528014296,2.4587708133931594
126,158620689.6551724,0.0,0.8413793103448276,0.0,10,0,11.50027585029602,False,8.632829327826917,0.07968136459443968,3.678615488030506,4.679050556828249,1.8963564317497745,2.248869075577522,0.7271041043571482,6.524732930110346,0.7807720507259065,1.5880697669986579,2.170815998785706
127,131034482.75862072,0.0,0.8689655172413793,0.0,10,0,8.58401107788086,False,9.863207554731673,0.07243156027552052,3.41317636585737,1.9176931279135583,2.781839956652223,2.3837330687563965,0.9481078965417256,5.969586480138484,0.8671918680296891,1.6399837387806688,2.3520366729964715
128,524137931.0344827,0.0,0.47586206896551725,0.0,10,0,21.494168996810913,False,6.343154991736444,0.08583577524862712,3.398536993793048,1.9368823492932123,2.7580857902539466,2.3671424334328846,0.9575918740828433,5.899730167437605,1.0708182429663913,1.6358032444796384,2.046082435390028
129,151724137.93103445,0.0,0.8482758620689655,0.0,10,0,10.956618070602417,False,9.903645794844198,0.05020216651894396,3.2703765938139204,1.8136497623729135,2.4653987487946547,1.8526885046340076,0.8030007522751119,7.818346630123901,0.8603565392538329,1.3732600957789112,2.3487610169193247
130,144827586.2068965,0.0,0.8551724137931035,0.0,10,0,11.74565601348877,False,11.76834775451383,0.05061940836473088,3.151418037225211,1.779887911812632,2.405128972802883,2.1127502264988136,0.5818221829862074,7.765718304688247,0.8994629640787104,1.3777362412622667,2.340370578545362
131,137931034.48275867,0.0,0.8620689655172413,0.0,10,0,9.283316850662231,False,11.751494978474838,0.05168428332519128,3.001517349943941,1.8156543586087583,2.3154720768420343,2.5232067959240805,0.5490863765585582,7.790163307512012,0.8747216905349705,1.523931088103029,2.3595325484802077
132,265517241.3793103,0.0,0.7344827586206897,0.0,10,0,15.425895690917969,False,11.621035257682887,0.05258999799391084,3.089564606762334,1.2618959541783612,2.1912244023930563,2.1301525172129523,0.578317314196497,7.362729418164473,0.9997137709519905,1.6741519433445096,2.2407434797816177
133,155172413.79310343,0.0,0.8448275862068966,0.0,10,0,6.649780035018921,False,11.81502588721496,0.05902517364188517,2.9659756273300046,1.5701759494797716,1.3923016416328498,2.5241963278773722,0.5206626144652399,7.977265479875695,0.8932095542242013,1.5053086485263503,2.13118331877223
134,134482758.6206897,0.0,0.8655172413793103,0.0,10,0,10.172479391098022,False,10.712605956076237,0.054676994983520584,3.440680199244224,1.882023906408941,2.389182401036407,2.7191793747533306,0.36217685032815544,7.666604768686693,0.9125129422018761,1.3063547604395456,2.331795098075476
135,655172413.7931035,0.0,0.3448275862068966,0.0,10,0,20.570972681045532,False,10.725532096122462,0.05380685689525446,3.1588201525166806,1.8189957131732235,2.478629233779424,2.75934147788869,0.2451530953518502,7.5744909744300095,0.9383120392490442,1.165420528566163,2.390925060010267
136,655172413.7931035,0.0,0.3448275862068966,0.0,10,0,18.334267139434814,False,9.566960439464514,0.0556333674376839,3.3017783168169235,1.3982476533183772,2.2570457992582234,2.43613335473035,0.29853837273481915,7.134745653844323,2.9745420380113607,1.0134996470035127,2.633745571779642
137,137931034.48275867,0.0,0.8620689655172413,0.0,10,0,11.872313737869263,False,13.118642129386002,0.05029111530534358,3.5776334551689,2.196701945715674,1.7349172285158996,2.671741842866623,0.3786841615019685,7.3522202952220335,1.0990706350989732,1.4399862724019494,2.709452393653549
138,551724137.9310344,0.0,0.4482758620689655,0.0,10,0,18.843143701553345,False,13.705803269175998,0.050029351652142506,3.6081797194405043,2.1807049820329687,1.5194323045069307,2.973156007616488,0.44780177386749576,7.444455846352729,1.1181019335115039,1.5234668568510612,2.541370196891651
139,189655172.41379315,0.0,0.8103448275862069,0.0,10,0,11.062193870544434,False,13.153950592399477,0.05439483673640399,3.352375727777166,1.9480297422049324,3.007066829309558,2.8819315717723555,0.16482052605216163,7.803240213552105,1.0453944500345775,1.771971104704306,2.8098308408373724
140,137931034.48275867,0.0,0.8620689655172413,0.0,10,0,9.039069414138794,False,14.732012295074679,0.05798605890689852,3.544545387110655,2.48445296446384,1.8000199478920442,2.306751132165476,0.4001497051913496,7.229175451236228,0.9638440783590273,1.3323234943898994,2.894730423261374
141,386206896.55172414,0.0,0.6137931034482759,0.0,10,0,14.361039400100708,False,12.227386004396354,0.057090332683027885,3.5533201264201613,2.5869551458637865,1.784669533681373,2.662636871877895,0.5850935259803047,7.559202899114068,0.985600315783281,1.3207898486705376,2.8660012523267997
142,134482758.6206897,0.0,0.8655172413793103,0.0,10,0,7.8814778327941895,False,11.524388193596696,0.05950960326894605,3.4160366033438416,2.0757982976804943,2.338230993143503,2.504651279327343,0.36648022524148827,7.202416064668591,0.8670568204713922,1.4256222807148295,2.897509264429784
143,141379310.34482753,0.0,0.8586206896551725,0.0,10,0,9.294654369354248,False,14.910139793803284,0.05945266884108508,3.20391009731952,2.0570177168726773,2.087790763151112,2.495832248493997,0.3619233443716789,7.2365991884831935,0.9244072104507425,1.4286325461665266,2.946214016130781
144,144827586.2068965,0.0,0.8551724137931035,0.0,10,0,8.993965864181519,False,14.61738202987937,0.05881914934602802,3.195617765766426,2.395607175905745,2.3372718698369717,2.689097435468238,0.3658702412361751,7.238973480133412,0.935693227826736,1.4561692889841842,2.7112429225726045
145,655172413.7931035,0.0,0.3448275862068966,0.0,10,0,17.44480562210083,False,14.443306076167042,0.05199740206556598,3.2088732961078934,2.3152844572037936,2.314107354888189,2.5299190146316413,0.19151264492834455,7.26872866712929,1.1781583379063432,1.4074010702713182,2.9427696789348956
146,189655172.41379315,0.0,0.8103448275862069,0.0,10,0,13.47788143157959,False,13.38629700645736,0.05875889736039737,2.9949926391928328,2.4385771906001708,2.086669614290853,2.691721488116066,0.36648054223559334,6.869828692090467,0.9047068842126051,1.30288681900633,2.7124569315851916
147,213793103.44827583,0.0,0.7862068965517242,0.0,10,0,11.498132705688477,False,14.36390954068682,0.050030767196975065,3.412786882359109,2.110191431234077,1.8947587995758668,2.623388790650805,0.34393189816501396,7.0480409918936475,1.1124796072374319,1.4483392370259005,2.8818935863530797
148,186206896.55172417,0.0,0.8137931034482758,0.0,10,0,11.968812942504883,False,14.884672395013395,0.054273524145083914,3.08682621118709,1.6925178670210796,1.4769840081591887,2.3847562281660006,0.1017211371996245,7.655719720654412,1.0034119257569727,1.4796279626551636,2.7619326105429907
149,162068965.51724136,0.0,0.8379310344827586,0.0,10,0,19.401384830474854,False,16.41655080404691,0.05903233893071361,3.3304979809544943,2.0184743414594384,1.6847110525134201,3.0556132060238324,0.3893646752878349,7.306797274497026,0.9500064095677185,1.2636823157309875,2.828932961328405
150,296551724.13793105,0.0,0.7034482758620689,0.0,10,0,12.16740345954895,False,11.29693802160122,0.05610252569486141,3.180262246163596,2.243945701135787,2.359054418477138,2.4628207486552056,0.48317902219404874,6.973677023849646,0.8603945028296514,1.4270854893547031,2.959612930864358
151,317241379.3103448,0.0,0.6827586206896552,0.0,10,0,14.217231512069702,False,13.023143094053909,0.060897347973294776,2.853656748221457,1.823726193376293,2.0410997463609206,2.5832337892169708,0.2489193555393835,7.197884394509275,1.0467897377559194,1.6093176318994487,2.9046876706485407
152,213793103.44827583,0.0,0.7862068965517242,0.0,10,0,11.283334016799927,False,10.547868388834152,0.07275760399947821,3.468742715767565,1.5262473050270855,1.1852986182564602,2.830158211699751,0.37613122767785134,7.420328180062127,0.869926058389928,1.2275537931328633,2.7413665778852456
153,134482758.6206897,0.0,0.8655172413793103,0.0,10,0,7.333493232727051,False,12.125903176937605,0.05283262007515021,3.381375740184608,2.7860652743039522,2.1572882676707605,2.7264386810112775,0.5193917952815864,7.859954365313676,0.9246753912420642,1.5226419167034748,2.6771417944093105
154,124137931.03448279,0.0,0.8758620689655172,0.0,10,0,8.378334045410156,False,12.011799211409162,0.053202052869235274,3.3900553209730893,2.752502509808944,2.155589121154466,2.7379325090370634,0.5101384911221746,7.848088143695143,0.9292422774342188,1.5176372616402984,2.710488870304863
155,293103448.2758621,0.0,0.7068965517241379,0.0,10,0,15.446459770202637,False,12.469742256867889,0.053184965636286975,3.3844585907541394,2.558253089194773,2.1170805969657125,2.781925630213161,0.48990659353362065,7.865210479088287,0.9654659309624148,1.4884012774681223,2.695580460280285
156,189655172.41379315,0.0,0.8103448275862069,0.0,10,0,12.10925030708313,False,17.81100301875734,0.055709353391904665,3.523171751386412,2.7224313544066274,1.8033099917429647,2.685054146563005,0.3177125194513406,7.846451151050995,0.9399487040749337,1.7005044768154807,2.6340714123266205
157,368965517.24137926,0.0,0.6310344827586207,0.0,10,0,12.736778736114502,False,11.636664324551328,0.050101193019712595,3.313733814281785,2.8597929089561855,2.29868309555169,2.5426048022018284,0.1982624423857454,7.596169842042972,1.0402603332162932,1.5295869904725783,2.7859414379006573
158,137931034.48275867,0.0,0.8620689655172413,0.0,10,0,13.211081981658936,False,15.444235098273241,0.32021592692113726,3.230726874580183,2.38701690234212,1.5505315202774974,2.473343648405498,0.42404799153804384,7.969224039441089,0.8992421389942202,1.3241189793725916,2.8512550868189797
159,141379310.34482753,0.0,0.8586206896551725,0.0,10,0,11.046903848648071,False,13.837235637117065,0.28743365059621256,3.1010127260338116,1.8999422951561804,1.8960261175961302,2.4384976335940602,0.5767795242993267,7.730617511629172,0.8864012851721059,1.3339892757760508,2.9910053476258502
160,141379310.34482753,0.0,0.8586206896551725,0.0,10,0,10.731859922409058,False,15.894838547924458,0.30789610833474274,3.252617959069351,1.962997075841716,1.3075200143173178,2.305281857012377,0.5141603355103158,7.955716601241928,0.8510119290860991,1.1607360435634906,2.9764932384857783
161,272413793.1034483,0.0,0.7275862068965517,0.0,10,0,14.552263498306274,False,16.330755294622776,0.30213314425838883,3.26224095970201,1.9488280869667858,1.617465400244219,2.3109477730034538,0.5193592987503437,7.470275930110405,0.8796233345618086,1.0242705656618272,2.9753712739017066
162,148275862.0689655,0.0,0.8517241379310345,0.0,10,0,11.40934443473816,False,13.772880531401468,0.3930255051323655,3.427761764799401,2.224522883324976,1.297690391669247,2.5034348376143343,0.42959177410055693,7.996657199599848,0.8506473453311928,1.1429326301534524,2.8989880222595197
163,655172413.7931035,0.0,0.3448275862068966,0.0,10,0,26.810954809188843,False,15.592924586877565,0.3314041311149163,3.090041484295942,2.072177784470753,1.0654692757284425,2.4301375392926516,0.695629629603435,7.99165167550762,1.0148393588870341,1.3339062470381486,2.8319466978194296
164,655172413.7931035,0.0,0.3448275862068966,0.0,10,0,25.571391105651855,False,13.051491800269094,0.29135982634395063,3.504988521230889,2.340919926266096,1.558832152945834,2.600532084193016,0.4552329047718364,7.721230125478267,1.488624146135816,1.2257188967276287,2.98314501677694
165,306896551.7241379,0.0,0.6931034482758621,0.0,10,0,14.680978298187256,False,17.696576449289207,0.3089101769222869,3.3629126730577807,2.667902122678008,1.8315724205369666,2.2934234674132723,0.568435420750977,7.672131842560053,1.1054843761134259,1.114410967983331,2.8930557178883265
166,144827586.2068965,0.0,0.8551724137931035,0.0,10,0,16.41538906097412,False,10.784760612001088,0.2545996024925607,3.686843618258704,1.8921453574775549,1.9453877600973652,2.3909439149826017,0.4020307223334273,7.823314884835397,0.8377294576536927,1.2860306408024178,2.7926297542406453
167,137931034.48275867,0.0,0.8620689655172413,0.0,10,0,6.3840491771698,False,1.6515466939878944,0.3541028388697133,3.0247008885775024,1.6451349414357257,1.3753043422468303,2.478159773174507,0.33144783768964575,7.433266686775274,0.7136082117579506,1.4131299347925017,2.9378236725381597
168,655172413.7931035,0.0,0.3448275862068966,0.0,10,0,19.201702117919922,False,2.414235958818792,0.35629844875073097,3.0167279227270356,1.6984024287001764,2.173850353066762,2.483199153014236,0.21349254705932313,7.377301433926529,2.4209233428083747,1.419691443745345,2.858145527519497
169,182758620.6896552,0.0,0.8172413793103448,0.0,10,0,11.8995201587677,False,12.467066733111443,0.4303781520400224,2.918333937269704,1.6117385718947341,1.6777918298913614,2.9345639357280766,0.3032639689791097,7.528826256552079,0.7022612622984468,1.5644027126901536,2.923571365118503
170,137931034.48275867,0.0,0.8620689655172413,0.0,10,0,15.580322504043579,False,1.809241442707058,0.360363793947267,3.5638446702528377,3.177939566208979,1.9686723832377315,2.624904214861618,0.3283026370056301,6.706323837990741,0.7350045028912487,1.6703603682756978,2.6637423385166845
171,137931034.48275867,0.0,0.8620689655172413,0.0,10,0,6.718911409378052,False,1.7452167051137748,0.3914881373835375,3.5438893781688092,3.0517664756873284,1.9978060341361024,2.747589925391719,0.30725412088361503,6.6957622641467545,0.7216137810846671,1.5182311774891188,2.6742844154245042
172,137931034.48275867,0.0,0.8620689655172413,0.0,10,0,9.067110300064087,False,1.707024647695534,0.3873943269864089,3.552142679845343,3.2528167307920124,2.0552596998110575,2.807306894418405,0.3339864547281728,6.669346751673481,0.7181652798082623,1.6973754443410762,2.657114719912419
173,137931034.48275867,0.0,0.8620689655172413,0.0,10,0,6.628921985626221,False,1.693557414211541,0.4186184856092004,3.592044086033476,3.153045046219808,2.001254098801977,2.7425796772742155,0.26118583426174913,6.760442038597562,0.7103999593163347,1.6513797553859684,2.617607391277981
174,206896551.7241379,0.0,0.7931034482758621,0.0,10,0,8.076505899429321,False,1.7025897435328115,0.38095307456567645,3.577701910183631,3.1764986854120574,1.9892302192512146,2.7790535747039344,0.1546842353644462,6.614761994156724,0.6718010753210507,1.6635472690408024,2.5884491044120668
175,206896551.7241379,0.0,0.7931034482758621,0.0,10,0,8.74691367149353,False,1.2185237926676626,0.47243524374746804,3.6899497509582506,3.359741995651001,1.6993864937408079,3.0902996978219957,0.24444435982906176,6.710057344484609,0.7372526089635263,1.6306218019465581,2.6576175159515114
176,206896551.7241379,0.0,0.7931034482758621,0.0,10,0,5.943866968154907,False,1.4223220323077106,0.4458814934318197,3.6063912206916915,3.1915828019373964,1.3854409178267821,2.8443560351064567,0.2959662681321967,6.436655109310198,0.6177377555622205,1.5694507533419295,2.7285049792761265
177,206896551.7241379,0.0,0.7931034482758621,0.0,10,0,7.766812801361084,False,1.850119457644921,0.4174632296083631,3.449969443058854,3.0165462678903756,1.7852135218666607,2.750279282902706,0.3175321778632845,6.864443935119535,0.5383673602140223,1.7074954725152853,2.6551874974138614
178,137931034.48275867,0.0,0.8620689655172413,0.0,10,0,7.109800100326538,False,1.537916127609837,0.36693339010741166,3.509359423454704,3.399652584344878,1.5752698016229771,2.6147102923605554,0.4394435517958619,7.027868103784238,0.698452499560898,1.7949333132830105,2.5726199881825673
179,137931034.48275867,0.0,0.8620689655172413,0.0,10,0,7.852813482284546,False,1.6070654493477703,0.33642783043473345,3.556261948969357,2.915707273724935,1.5638279224110287,2.6317250549745,0.4365600378374838,6.732823740313158,0.7118603373372192,1.7867457963002773,2.5634173010298458
180,137931034.48275867,0.0,0.8620689655172413,0.0,10,0,6.7821290493011475,False,1.560310924359455,0.3416271948087098,3.557999368525519,2.8875812977070527,1.5414091844496272,2.6475646335293015,0.42494479972218835,6.7919089146054015,0.6979781699371352,1.6180818467867895,2.527151707030522
181,137931034.48275867,0.0,0.8620689655172413,0.0,10,0,7.362701177597046,False,1.3534916207651668,0.34116446909210435,3.5387709975642947,2.843915009107877,1.5289787545511644,2.6336096612806585,0.4370575101237002,6.686989916791273,0.6870532293774518,1.761440748515431,2.525819706193912
182,137931034.48275867,0.0,0.8620689655172413,0.0,10,0,6.865669012069702,False,1.5961023344043175,0.370157191965949,3.624770865505477,3.398507025201682,1.6577696812220633,2.7199131695803707,0.42251950323309223,7.000855684375731,0.7102778259015847,1.6213480109881022,2.6052965278957325
183,275862068.9655172,0.0,0.7241379310344828,0.0,10,0,8.818355798721313,False,1.492682631132247,0.4089582926464449,3.4239685428824536,3.094288182547365,1.1798521290075636,2.583163165038288,0.11195447131496977,6.505546897882402,0.5854025212887617,1.716944554567222,2.480053978989548
184,231034482.7586207,0.0,0.7689655172413793,0.0,10,0,10.74088978767395,False,1.8700232758141577,0.323036179553221,3.521195855942849,2.8685167606835114,1.3749371436392754,2.8963169329860428,0.255617613298751,6.214513559685722,0.6328668430924574,1.5459160676184405,2.5806199146938975
185,137931034.48275867,0.0,0.8620689655172413,0.0,10,0,6.75372838973999,False,1.667212553982058,0.3604493014145464,3.6606270704217625,2.990501643699358,1.5536906871965737,2.8093305394243324,0.3393050648530314,6.89371800405535,0.720905147523317,1.8143325294463346,2.68219427707194
186,272413793.1034483,0.0,0.7275862068965517,0.0,10,0,21.887566566467285,False,1.5771071959434118,0.4754492699928824,3.732665267523777,2.7721975670433983,1.9291318582465282,3.001571440180995,0.5028826206847621,6.812558557621677,0.7469054200345243,1.6138978911004909,2.746812057232036
187,379310344.8275862,0.0,0.6206896551724138,0.0,10,0,3.8555660247802734,False,1.844811309184446,0.4020776420568685,3.5503241438526922,3.535193687144078,1.8098985714705578,2.694034496675339,0.1840884192853809,7.091704695742589,0.46350062523923896,1.6714420312251879,2.5314096462657023
188,137931034.48275867,0.0,0.8620689655172413,0.0,10,0,7.548301458358765,False,2.0321662127169033,0.36986253162511873,3.4154596519973928,3.228840210498754,2.0600795113466996,2.6276595276373214,0.3992364772493233,6.6187148966624525,0.6626043562122795,1.517468953176182,2.4398471575382983
189,241379310.34482762,0.0,0.7586206896551724,0.0,10,0,8.072287321090698,False,1.2710036134855065,0.3473749452604908,3.4961045823860855,2.5881945365598447,1.2634642416946638,2.5732185836595654,0.3007529899689574,6.782686701514958,0.5630457337957605,1.7515181933727908,0.3330407280319212
190,689655172.4137932,0.0,0.3103448275862069,0.0,10,0,38.459412813186646,False,1.7667716684145058,0.32724866066874525,3.32509706053268,3.0895062268202325,1.4208667841256555,2.7243426876186563,0.46781038960711185,6.373298725521943,0.7943571160068869,1.5975508977203707,2.645768680610443
191,137931034.48275867,0.0,0.8620689655172413,0.0,10,0,7.766985654830933,False,1.3828302179501342,0.34075401873452366,3.601128422309487,2.8813338886786415,1.0070984151246551,2.6352842562583865,0.41654788845942137,6.647839307620702,0.6806149335490009,1.7285472740116834,2.566449436384786
192,327586206.8965517,0.0,0.6724137931034483,0.0,10,0,20.98953676223755,False,1.3924553498515773,0.5126375643147946,3.5478974327695614,2.790452408699962,1.5522992577851638,2.818776414373151,0.4310937736050841,6.991437038891591,0.7444362589815342,1.8177136373059741,2.51619780079384
193,655172413.7931035,0.0,0.3448275862068966,0.0,10,0,18.201101779937744,False,1.0702960406023907,0.37335230627640686,3.6697894737331676,3.280573598166672,1.649827117739441,2.649370134840723,0.3380323109964933,6.525246358551283,1.813994979270852,1.48084356805557,2.614786352968981
194,448275862.06896555,0.0,0.5517241379310345,0.0,10,0,14.078444480895996,False,1.2051599843798853,0.34984364637533666,3.469089586736951,2.972247907511422,1.5123684489965568,2.540216700000127,0.5329650427711816,7.075910934142819,0.6255214309927577,1.6804565214504055,2.7871330333458615
195,137931034.48275867,0.0,0.8620689655172413,0.0,10,0,7.111169338226318,False,1.543115035289827,0.38685018389481873,3.372006556787976,2.5092786702505236,2.179884256125533,2.7566195050995064,0.21216675067665436,6.753376729273942,0.8095367370519846,1.7615209658874709,2.713493499763081
196,137931034.48275867,0.0,0.8620689655172413,0.0,10,0,8.022371292114258,False,1.9822884504739007,0.3197482551102641,3.5637935065337967,2.7142708925920207,1.7713646051892256,2.8765653598731626,0.2672666553039543,7.363163870810786,0.6936359466054548,1.4129992684041244,2.529295340960677
197,272413793.1034483,0.0,0.7275862068965517,0.0,10,0,16.233568906784058,False,1.6629197968384601,0.4194907109707217,3.8312549673481455,3.127461629291175,1.9193281124244919,2.6253186366335806,0.3848799121403689,6.7164898759853955,0.7481334249977353,1.5558220708072201,2.464794082283628
198,655172413.7931035,0.0,0.3448275862068966,0.0,10,0,16.667675971984863,False,1.4688088392992202,0.35358559707703335,3.458257253845495,2.954248716427915,2.875751214569201,2.5003883501601885,0.6605990034916185,6.286929856544029,0.8295927531335265,1.6511905525294261,2.6619403596838556
199,448275862.06896555,0.0,0.5517241379310345,0.0,10,0,13.244712114334106,False,1.3766374518056301,0.2759857887765865,3.7379572858880543,3.369348213565911,2.5586506325842873,2.372913346362752,0.5273535703318107,6.92588657498645,0.5894119094547368,1.8609030481811923,2.7743595841275535
200,137931034.48275867,0.0,0.8620689655172413,0.0,10,0,6.86693263053894,False,1.7956271157105346,0.3980183913297549,3.6448217972672765,2.8290400105946962,2.002528223150031,2.700661204618092,0.4496373211745516,7.216796327969295,0.6714403696055588,1.4793864714672684,2.404173983261291
201,327586206.8965517,0.0,0.6724137931034483,0.0,10,0,15.411560297012329,False,1.5883926978198029,0.3794786595879835,3.620162929897606,3.601055424063146,1.661170380114236,2.7459107000321246,0.4167026764588473,6.606879645578723,0.737278407483451,1.5794099513100899,2.5935143240036513
202,137931034.48275867,0.0,0.8620689655172413,0.0,10,0,6.166586399078369,False,1.6013164728798939,0.33582528576707754,3.5341921981760773,3.423002835148188,1.5151525036908486,2.569980641508923,0.3279109282583029,6.981946179889196,0.6981511867381374,1.6422027076833112,2.6099598316287267
203,579310344.8275863,0.0,0.4206896551724138,0.0,10,0,21.767580032348633,False,2.1744562687350832,0.3471658932007748,3.4000722766817546,2.5894390019691773,1.6487901509943512,2.678454095067362,0.4900146007719842,7.115111928733721,0.8087474500262939,1.6200593855058885,2.542990697513555
204,655172413.7931035,0.0,0.3448275862068966,0.0,10,0,17.184252738952637,False,1.7251632408007636,0.3705054492601328,3.6350937065175137,3.309444537379564,2.2657432595539753,2.8299494155829605,0.3833114983223698,6.836061015285106,0.9478452196685271,1.7795788931778658,2.6892275660164096
205,137931034.48275867,0.0,0.8620689655172413,0.0,10,0,6.639387607574463,False,1.29949304371127,0.4484411669056903,3.4883290115210244,3.1067354773619864,1.8057043956189511,2.454342418105447,0.2630698095066216,7.506117987274867,0.7684149900847065,1.4084282844121303,2.490617142096872
206,655172413.7931035,0.0,0.3448275862068966,0.0,10,0,18.72249984741211,False,1.5277196185873383,0.3153838856543123,3.7575456469829285,2.4607193828699048,2.081091266864438,2.724659236254747,0.4579497642445063,6.992724030710363,0.8363855039970711,1.5234783389688356,2.834506284482938
207,206896551.7241379,0.0,0.7931034482758621,0.0,10,0,7.268728256225586,False,1.9230065553991222,0.3657479959996595,3.5694527535081413,2.697173977739288,1.4508295128274593,2.5844026677597296,0.1727790284720743,7.3649222698046515,0.6376480003825596,1.3340137258497302,2.608542188076607
208,655172413.7931035,0.0,0.3448275862068966,0.0,10,0,17.756322622299194,False,1.6782597599833324,0.4137502195276476,3.3067685463346725,3.466273347632616,1.242617507491806,2.651514176711287,0.5593973902548754,6.420563196488003,0.9079828598905116,1.6072751911815621,2.764055719045031
209,241379310.34482762,0.0,0.7586206896551724,0.0,10,0,6.972391843795776,False,1.3097936408429338,0.4455402037610577,3.4375441560338724,3.0099510660814204,1.6977621026908174,2.9062790934871137,0.34195046393920314,7.616365432330405,0.5467722625525953,1.7117496213342922,2.713435029485347
210,137931034.48275867,0.0,0.8620689655172413,0.0,10,0,5.5727245807647705,False,1.4705287299882734,0.053067830088466945,3.695447487699373,2.8471427187544402,2.4589694762064616,2.5063685573606884,0.6016681952611305,7.171816454897166,0.7088824674504763,0.5916040933835329,2.630035047705387
211,162068965.51724136,0.0,0.8379310344827586,0.0,10,0,18.056143045425415,False,1.6740109405106491,0.35470496003727126,3.65297361864912,2.9757645010872142,1.5142146935991219,2.800362588060836,0.3435469165914774,6.938931336201236,0.738715311115606,1.8074512620088434,2.681433613203003
212,137931034.48275867,0.0,0.8620689655172413,0.0,10,0,5.427647829055786,False,1.5764622532143338,0.36704502447895776,3.5856541939245963,3.179556110553263,1.8724841047220244,2.805799365898857,0.4128579451072539,6.784469904195706,0.6886291275629313,1.8655999704777868,2.5629724670459684
213,689655172.4137932,0.0,0.3103448275862069,0.0,10,0,27.428510189056396,False,1.6340365385257103,0.3946228705945147,3.53726900295676,2.9309225408869555,1.6287677455439793,2.740765608167968,0.2796722203933789,6.661691171926143,0.8334196179560454,1.8150056936773824,2.6897789091111584
214,303448275.862069,0.0,0.696551724137931,0.0,10,0,18.539579153060913,False,2.1112064410558276,0.34854680140007094,3.7921816938227906,2.372642888210166,1.39096007079818,2.9796934164957403,0.47762008454262633,6.900508751423601,0.7641861530769141,1.6860300867519131,2.819483058105722
215,655172413.7931035,0.0,0.3448275862068966,0.0,10,0,20.267696857452393,False,1.804689094008237,0.33851296689771665,3.6606749415598605,2.6949873916805926,2.19884374179212,2.6187008069393505,0.3466143615449774,7.09511728771522,0.9713652491990534,1.7529014223032924,2.449191505339021
216,206896551.7241379,0.0,0.7931034482758621,0.0,10,0,7.828481197357178,False,1.5046875008918645,0.38007145889858124,3.4956579793397453,2.203745914819971,1.9652372346763785,2.3910119592651444,0.2523726191189504,7.312227942582913,0.614767664864843,1.4635257287565444,2.6282989055764756
217,655172413.7931035,0.0,0.3448275862068966,0.0,10,0,16.19507360458374,False,1.157496292352788,0.2706146223260284,3.3506452877538093,3.2960069757073045,1.5533794874178195,2.6852722520327466,0.3942080113073179,6.782996621578377,0.8922227002504141,1.5360033547626053,2.7546387520628866
218,1000000000.0,0.0,0.0,0.0,10,0,2.0617432594299316,False,1.3782192408461258,0.2975095024475975,3.9008037584760316,2.828204831393907,1.7633661014303565,2.5481536339247124,2.3629289467538195,7.5027996221324935,0.7101917922833996,1.2626175440963117,2.5222337529799437
219,137931034.48275867,0.0,0.8620689655172413,0.0,10,0,6.611532688140869,False,1.7256712643260668,0.3317426619703731,3.717550346762505,7.5463488957668705,2.3087486430132347,2.8504463512403744,0.19007692892288752,6.520218468678751,0.7887441336513781,1.393905350166276,2.370446230256825
220,655172413.7931035,0.0,0.3448275862068966,0.0,10,0,17.472830295562744,False,1.9372500682747371,0.4226969281903127,3.602873770921119,3.0701287197696137,2.102336301617789,2.772311397285793,0.507847852198188,6.892735183239472,0.8427690093174924,1.6453394454816372,2.868966123838176
221,137931034.48275867,0.0,0.8620689655172413,0.0,10,0,7.116689443588257,False,2.08965607974417,0.3672726595934009,3.38818831626893,3.283006772804859,2.045187984745184,2.6312698652126434,0.4003698090983707,6.671985393009528,0.670943093186423,1.5578427741542675,2.420220588305148
222,199999999.99999997,0.0,0.8,0.0,10,0,7.778567790985107,False,1.6268391880828263,0.36781614215870134,3.4601431999535572,3.18456104111789,1.8809781367050058,2.631205497336099,0.3133944922777529,6.5885896926750736,0.6461550214870636,1.5054630424608453,2.450226056311741
223,137931034.48275867,0.0,0.8620689655172413,0.0,10,0,13.561430931091309,False,1.7039814471279446,0.3871234923716506,3.4329097119577976,3.6340434664122854,2.0402942554102026,2.481044166908892,0.43384052253822875,7.025568348441539,0.7452140822884326,1.454625148192156,2.5628269723749773
224,206896551.7241379,0.0,0.7931034482758621,0.0,10,0,5.883679151535034,False,1.8263632839298456,0.31588129935546627,3.5075506661796156,2.9961995800246575,1.603921973936971,2.705166617309804,0.3667832298421768,6.449813543960348,0.5368002577574948,1.5974021744306333,2.4979320343264964
225,137931034.48275867,0.0,0.8620689655172413,0.0,10,0,6.113089084625244,False,1.4719497884003798,0.05350422190753566,3.3985498331862884,3.417991992945471,2.1758411686852073,2.5638349125741353,0.6519575911458043,6.242606582263677,0.6830606084566199,1.373196380968818,2.6414191641434406
226,206896551.7241379,0.0,0.7931034482758621,0.0,10,0,8.538989067077637,False,11.083899574746438,0.4026060713313693,3.6291537686933752,3.1918832054844644,2.368893820820073,2.78986173258659,0.1003813628802569,6.669520182563747,0.6002726815331328,1.5144635090212215,2.702394351636915
227,655172413.7931035,0.0,0.3448275862068966,0.0,10,0,14.35583782196045,False,2.01704146921495,0.36518602031518793,3.548147076560405,2.9337086940932595,1.7816275130980446,2.641439586951523,0.5323757693892752,7.855753961307523,0.9123354544933516,1.7269822383476892,2.5738008967660426
228,137931034.48275867,0.0,0.8620689655172413,0.0,10,0,6.1950249671936035,False,1.5609765417824795,0.3334779870942386,2.770924821864146,2.5426691420882506,1.949451702464488,2.432763588829871,0.24932836550267912,7.24341946494229,0.7907244740480665,1.6721665712952847,2.41389151818607
229,655172413.7931035,0.0,0.3448275862068966,0.0,10,0,18.456525087356567,False,1.746487863861964,0.05430273516105759,3.2783405482187864,2.7164416581387587,1.3119185919358018,2.8941404884963515,0.45031386110189586,6.826163750728642,1.0009355992301345,1.799907122600886,2.4829650630085363
230,172413793.1034483,0.0,0.8275862068965517,0.0,10,0,8.483733654022217,False,12.060410878802507,0.1692283345868377,3.452865476885832,2.1049860933326756,2.709029105605006,2.552201790274728,0.3250919375197463,7.67562492921681,0.7331996710536486,1.907698761086567,2.7336117413749226
231,137931034.48275867,0.0,0.8620689655172413,0.0,10,0,5.924634218215942,False,1.3995743378874492,0.3448498875688059,3.5940982828419257,2.8527053842790093,1.1830471134346858,2.661455195482492,0.38930406362552455,6.676676125374296,0.6692204184466579,1.6169172231328668,2.582771326501188
232,199999999.99999997,0.0,0.8,0.0,10,0,6.834223508834839,False,2.3454985229206184,0.32755688073037387,3.6709350185348075,2.889943785686197,1.0123701682696467,2.7249403794907194,0.4474111347544053,6.5908474844889415,0.6636715081775963,1.7208576912082956,2.545716607322627
233,655172413.7931035,0.0,0.3448275862068966,0.0,10,0,19.167485237121582,False,1.3587222190891928,0.3567528286955264,3.5355529084621438,3.1216378478650344,1.1126352570536162,2.612478534224319,0.4348982328868105,6.986102867607899,0.8526808537904558,1.7361894424999993,2.6594103213047746
234,137931034.48275867,0.0,0.8620689655172413,0.0,10,0,6.033454179763794,False,1.4883674210575568,0.38537288095587435,3.5999656437492975,3.084905330562276,1.382900005519374,2.5037493963045248,0.305331294828987,6.380479068756976,0.726215605432726,1.3341184475749523,0.12140382578056985
235,689655172.4137932,0.0,0.3103448275862069,0.0,10,0,26.875781536102295,False,1.5831098765212814,0.0500308551602226,3.3605609791216486,2.6361597209481333,1.5363033244891597,2.358261173446106,0.5550529936762773,6.060648537081363,0.7958332425103165,1.5187610719069,2.345292119489593
236,168965517.24137932,0.0,0.8310344827586207,0.0,10,0,8.235955715179443,False,1.9001639181201502,0.05609467114767993,3.7209172510895168,3.2564280041551372,1.711083308109049,2.7399843438729676,0.3755733210248373,6.735797641659098,0.6492648535944355,1.6641825576680378,2.603095173436238
237,472413793.1034482,0.0,0.5275862068965518,0.0,10,0,11.103342056274414,False,11.653229989766555,0.127966738703699,3.50384414200255,2.445148314621438,2.155944305601913,2.6090939652995084,0.22153627607610676,6.559654336630268,0.9080073542993835,1.5841746618001409,2.803879348186191
238,448275862.06896555,0.0,0.5517241379310345,0.0,10,0,12.854803085327148,False,1.1373199535763807,0.3133703671822801,3.625565507801332,3.4639738324035134,1.8278403282903841,3.4613570229348216,0.49741517058590107,6.865272928219871,0.6075432424279193,1.415181881841198,2.4862889014919176
239,137931034.48275867,0.0,0.8620689655172413,0.0,10,0,5.9039084911346436,False,1.31563452779208,0.3422404670492592,3.784907557479201,2.2715348645233453,1.431770128287999,2.7999302573535725,0.40952385074660963,7.614489502499106,0.7028226589931165,1.7876227008611418,2.6697915173479805
240,1000000000.0,0.0,0.0,0.0,10,0,1.7848446369171143,False,1.6581681011996954,0.40691973306184126,3.4444176829381066,1.7163580560947722,1.9948043979320051,2.6825523874603903,3.2956775841223456,7.842655020769713,0.822817310954065,1.4947519768183437,2.5600137105321608
241,655172413.7931035,0.0,0.3448275862068966,0.0,10,0,16.952025890350342,False,1.5085496116282169,0.38143318203084375,3.3721091630243154,2.5876517880955228,2.229105100864008,2.7645205667287702,0.2410141849329834,6.68553637126839,2.0848415687285953,1.7659583818096123,2.7071558107810834
242,206896551.7241379,0.0,0.7931034482758621,0.0,10,0,5.6520702838897705,False,1.603777066927539,0.43388828329406137,3.3192635854946912,2.502901406080673,2.4261298905140634,2.714636649806447,0.19376928168581908,6.808574782900448,0.7753819285758891,1.8426467625768992,2.7571416826680433
243,137931034.48275867,0.0,0.8620689655172413,0.0,10,0,5.541197299957275,False,1.4685699489541812,0.39062351277947904,3.5543442804467884,2.7909979625213714,2.251588119831401,2.5606060130060495,0.27940704854174386,7.133918266645959,0.8237736603249756,1.7416915152573669,2.8954732888222465
244,655172413.7931035,0.0,0.3448275862068966,0.0,10,0,19.037864923477173,False,1.7291178154223725,0.36732241038162283,3.4184326999484504,2.980983147560868,2.1032519910905454,2.856724748997426,0.3353314865831425,6.987888148132708,0.8710526095219381,1.687551628178334,2.637730266616234
245,203448275.86206892,0.0,0.7965517241379311,0.0,10,0,9.114654302597046,False,12.497657251994005,0.33506545406008736,3.481338803465133,2.361184691565374,1.673027506830597,2.652639556002341,0.4792432524588891,6.578512267135013,0.7256520079420135,1.294623187522962,2.704010836170027
246,144827586.2068965,0.0,0.8551724137931035,0.0,10,0,10.63458800315857,False,10.673839412049103,0.05233993796491562,3.5690204576477016,2.7977576917905305,1.9009505595495646,2.458669387555781,0.3798540256516905,6.745812609630041,0.939763740849645,1.6252967074980622,2.6105475797347637
247,382758620.6896552,0.0,0.6172413793103448,0.0,10,0,20.063547134399414,False,1.8097059934255715,0.35709264190718737,3.677960018056282,1.4786207138702592,1.595240978325897,2.755366201713637,0.5978003253870771,7.427020816494225,0.7849637552974416,1.436260938662078,2.829097342699268
248,655172413.7931035,0.0,0.3448275862068966,0.0,10,0,18.509226322174072,False,1.4007868774058567,0.40082725110217116,3.4073718136866775,3.025347431466753,2.0578423385379274,2.592633445504971,0.21376605149020114,6.373557932669282,1.568205603918497,1.8985974874191132,2.504131325960007
249,206896551.7241379,0.0,0.7931034482758621,0.0,10,0,4.994466543197632,False,1.254240016182906,0.7414074106866687,3.2492018606731166,2.0989965706003693,2.5803872025757353,2.931603475469962,0.2924734110683101,6.882722454947633,0.7132882683576619,1.5647246983953371,2.398825388732779
250,655172413.7931035,0.0,0.3448275862068966,0.0,10,0,16.333980083465576,False,1.5632027824620767,0.05609705230459381,3.5045607377875814,3.2913884916864977,2.337504841077433,2.5118877595660534,0.41971150794327894,7.105106543440358,0.8563645899194774,1.7526541863853797,0.6299875881443611
251,217241379.31034482,0.0,0.7827586206896552,0.0,10,0,14.716978311538696,False,13.988791468946374,0.22587284728740487,3.615068586610716,2.644471029632326,5.345962874514979,2.819242733984905,0.16121871162152562,7.74878320439924,0.9774489192268746,1.6985023437009525,2.752850187290732
252,168965517.24137932,0.0,0.8310344827586207,0.0,10,0,6.9894328117370605,False,1.7021442613198172,0.4651905268311575,3.3611889782662665,2.890348080342407,1.2594312542848909,2.702562809092,0.5427327399545363,7.32670031777996,0.6452023545244823,1.3671219941904424,2.6683312046762686
253,689655172.4137932,0.0,0.3103448275862069,0.0,10,0,30.134328603744507,False,1.5364965769151993,0.3704683744681112,3.5407170124505902,2.4674060544738987,1.8484236679961743,2.6253934814570106,0.3360033275408157,5.755240847397343,0.7896127318803232,1.8246410394943555,2.913843086317084
254,227586206.89655173,0.0,0.7724137931034483,0.0,10,0,8.49498176574707,False,13.323208457071544,0.3396057626309436,3.646406819742614,3.183719776806717,1.4835288079782991,2.424653084598965,0.47210345025594636,6.498361395715772,0.5785633508607045,1.4777162445769567,2.5648567694472084
255,189655172.41379315,0.0,0.8103448275862069,0.0,10,0,12.000637292861938,False,9.973469453129184,0.3007698337340401,3.476282868561703,1.8606236022682072,2.172022598053671,2.833050129380304,0.37497271132125565,7.969417600800627,0.8912783185287213,1.6299955679298512,2.8014411691819636
256,137931034.48275867,0.0,0.8620689655172413,0.0,10,0,6.461784362792969,False,1.4368903547421332,0.40794886910647365,3.3235731508504744,2.2335894505871052,1.730028636836536,2.300255924717696,0.26762770245026957,6.758400803744345,0.7539853997467746,1.5582321857639163,2.448881148402898
257,227586206.89655173,0.0,0.7724137931034483,0.0,10,0,11.583913326263428,False,11.202232781353361,0.05218095993802171,3.732741256048067,3.5456537843796085,1.0074197165845518,2.5526066525525404,0.6167094934073232,6.999973075104982,0.6770282051502525,1.4421981067063734,2.712664903615937
258,1000000000.0,0.0,0.0,0.0,10,0,1.7944691181182861,False,1.8789828811633638,0.38709528326758585,3.8356736420746027,3.067667964279924,1.926752659581009,2.7518490700051776,2.9043575431000512,7.218232826446948,0.8226948738155425,1.7799253412631837,2.6193674787070558
259,655172413.7931035,0.0,0.3448275862068966,0.0,10,0,18.10039448738098,False,1.664326869723444,0.43305444965807777,3.5730534644175167,2.740482702269951,1.57683271736298,2.664293159870121,0.7113081154352467,7.531695982728288,0.9448422728270625,1.9538724003529104,2.5247267600484085
260,465517241.37931037,0.0,0.5344827586206896,0.0,10,0,4.738970518112183,False,12.28328349826904,0.35497911335462096,2.6664913632212928,3.803068286633882,2.0662902175034996,2.2359270750432465,0.43260381957063054,6.641934838907631,0.5013944813979219,1.6661826055291162,2.6662245074873065
261,137931034.48275867,0.0,0.8620689655172413,0.0,10,0,7.179597854614258,False,1.5589730367810675,0.05675550792705594,3.4287757801564966,3.3456608299920187,2.281552380183877,2.509432424859119,0.5046141513732246,6.904418443572017,0.7186205208153821,1.2306439262462914,2.226799257598752
262,655172413.7931035,0.0,0.3448275862068966,0.0,10,0,17.43375325202942,False,1.7444302754972811,0.3289551120581994,3.523554495124433,1.623283042240186,2.4466454547989356,3.0191856161517525,0.3145741543392706,7.146390313996622,0.8381704340742759,1.5268215194583732,2.3482870232910003
263,137931034.48275867,0.0,0.8620689655172413,0.0,10,0,6.550385236740112,False,1.3603615273119625,0.0540158031275384,3.6614998801646452,2.927124540430427,1.7494368483687006,2.644958367906003,0.177436343829627,7.693802857089163,1.0360121482079632,1.5998579666096433,2.8373891891612035
264,137931034.48275867,0.0,0.8620689655172413,0.0,10,0,6.456140995025635,False,1.9838507298889092,0.378660747123768,3.3836862423363687,3.1675370347052505,1.4095086566050552,2.7415409788959186,0.3974511841509146,6.3295099460899245,0.6604622333921113,1.3807832252008456,2.560904766123188
265,196551724.137931,0.0,0.803448275862069,0.0,10,0,12.444977521896362,False,11.442035005429982,0.059180132763410456,3.5885924787922265,1.9813044665131847,1.9878597955608965,2.3672499386193984,0.3119642884840512,6.7917890969615815,0.76430265183705,1.3161762329513518,2.7247069329768334
266,255172413.7931034,0.0,0.7448275862068966,0.0,10,0,7.494606018066406,False,15.160855572713675,0.316738084511491,3.2676495554317753,2.61901639385486,1.311342724847733,2.918821581784592,0.5336181612843944,6.5170554014754405,0.5932896546010542,1.7099251969192173,2.452619335912639
267,655172413.7931035,0.0,0.3448275862068966,0.0,10,0,14.53382420539856,False,3.742007704602539,0.3529408239998452,3.496915895541391,2.8881935779936483,2.130446657610237,2.5766322162693913,0.24579548546425273,7.9814065693287475,0.9125017138839011,1.8466988163854376,2.8724953615086624
268,158620689.6551724,0.0,0.8413793103448276,0.0,10,0,11.189670324325562,False,12.952635906892178,0.05017974199719167,3.7156340804138503,1.7988079170544033,1.6058906698535933,2.4530042080068895,0.4359015392394694,7.318299101668217,0.796006138607273,1.4869621140014078,2.6047538531567866
269,655172413.7931035,0.0,0.3448275862068966,0.0,10,0,14.36713194847107,False,1.6334991665211727,0.423210315408795,3.439318949432481,2.4093593646803577,1.790679934861599,3.1117311960735474,0.38245846658034244,5.632315754772988,0.8747334716803704,1.5918882461953139,2.7824103328393024
270,206896551.7241379,0.0,0.7931034482758621,0.0,10,0,8.439718246459961,False,1.4710367927270893,0.3729655124828589,3.6223485489557294,2.98436596869479,2.2385341857990713,2.8128299843377675,0.10883752470256258,6.162547716988986,0.7114741283050137,1.7710628073856782,2.510334102299934
271,655172413.7931035,0.0,0.3448275862068966,0.0,10,0,17.09540867805481,False,10.381862971470355,0.05434392095713202,3.3317297694161856,2.787135318882062,1.877873907283445,2.6643425259144777,0.4820091051667595,7.0332847794613915,0.9724442503545143,1.6457394158591991,2.398416127015416
272,655172413.7931035,0.0,0.3448275862068966,0.0,10,0,19.139281511306763,False,1.780223321750367,0.3989444775350093,3.774259357994402,3.4186018972146694,4.9877161757220145,2.587603665750339,0.34539206908211517,7.464784671661261,1.3631767954574179,1.430852159636746,2.6344756956098356
273,210344827.58620688,0.0,0.7896551724137931,0.0,10,0,10.934135913848877,False,5.662932581482843,0.338393637110607,3.517347970944111,2.148183372441989,1.1887730421091118,2.7245094448092924,0.6095700986746759,6.683996311313052,0.6315506919405196,1.526000517183623,2.7037886630020274
274,206896551.7241379,0.0,0.7931034482758621,0.0,10,0,5.551616430282593,False,1.522035910933933,0.05803875862640163,3.4067277891958905,3.1412744082631785,2.527811066364318,2.843017414006564,0.2178408559418266,7.842594415845567,0.7549820980511999,1.7014198819098387,2.298884922057393
275,655172413.7931035,0.0,0.3448275862068966,0.0,10,0,19.88879632949829,False,1.2976805934828586,0.0500171559073776,3.572137812231959,2.581149288425011,1.4591865673368878,2.521143717434391,0.516808382378033,6.885251740497649,0.8439512963314798,0.25483519461806314,2.5568628078632947
276,296551724.13793105,0.0,0.7034482758620689,0.0,10,0,5.600754022598267,False,11.823104125532483,0.3564454247889418,3.675066644088111,2.280402636522172,1.6832985095284934,2.6796411903339896,0.2964738176548799,7.6809574146777,0.5335770416465544,1.5635538996122702,0.7932590903189908
277,137931034.48275867,0.0,0.8620689655172413,0.0,10,0,7.122108697891235,False,1.8623240004755828,0.29919560055796357,3.157792554832225,2.7126443945830907,1.9899387878875827,2.433803454115163,0.427832002950321,5.936962023364689,0.6680905951267923,1.8806835182377164,2.93482386261882
278,251724137.93103442,0.0,0.7482758620689656,0.0,10,0,11.990973472595215,False,14.100297199677339,0.3199670831010847,3.4687211879320077,2.0087723873094556,2.3722869290987485,2.60620639486138,0.3569490258602668,6.603309052899041,0.7945511470310851,1.3571978576323809,2.6593520815607725
279,655172413.7931035,0.0,0.3448275862068966,0.0,10,0,20.390739917755127,False,1.6276459272652175,0.38157843171780936,3.5919290341852212,1.336028738640027,2.1466912958778313,2.744190073500165,0.5702641848697901,7.07033465851203,0.9168004618603806,1.455359289873481,2.748830761085256
280,265517241.3793103,0.0,0.7344827586206897,0.0,10,0,13.04050898551941,False,12.94294581178432,0.05360230219090656,3.370694247897649,3.0823162510785482,1.5357485821999393,2.805968151870453,0.6817953442606406,6.772452313377729,1.0112087590022238,1.7424934744174603,2.9994383996902005
281,206896551.7241379,0.0,0.7931034482758621,0.0,10,0,5.649882078170776,False,1.4362485359884145,0.5160652568635031,3.502053031985585,3.3018153126719714,1.8389301079732956,2.506981515044502,0.25188471884610475,7.280475462396428,0.7178109471558168,1.2657740169512,2.460229760130373
282,655172413.7931035,0.0,0.3448275862068966,0.0,10,0,20.144519090652466,False,1.7877326686972363,0.41643023744711083,3.228201105688476,2.8916724992356504,1.6883580288935924,2.9000015282854084,0.45480403560107435,6.4554862029888485,0.874809073357902,1.6416148471296155,2.5892257474975056
283,217241379.31034482,0.0,0.7827586206896552,0.0,10,0,7.9514429569244385,False,11.038551926010424,0.4503982499985465,3.6494878209852493,1.7089923187331209,2.014654018897828,2.6494154029635406,0.36727616556470044,7.581703644781733,0.6122481328812877,1.520562465250844,2.8297220822184843
284,206896551.7241379,0.0,0.7931034482758621,0.0,10,0,7.947317600250244,False,1.6556251418651735,0.3466519473242381,2.855413216813001,2.5536645492009047,1.3092137566199347,2.358305815594091,0.1535366609564252,6.969019715240074,0.7667307641169938,1.7998265815943117,2.5396501796163506
285,655172413.7931035,0.0,0.3448275862068966,0.0,10,0,16.987345933914185,False,9.795831391295236,0.062040136856729204,3.441092220690744,2.99986927370479,2.231651566949438,2.5784767206777572,0.297311130327787,6.845963752997665,2.763140847187065,1.6161039649258924,2.3753013741880826
286,1000000000.0,0.0,0.0,0.0,10,0,2.086012601852417,False,1.2085653567869965,0.5715738275909621,3.5516002976783425,2.7750263189993407,1.4793371332552903,2.755066384217233,2.102158055687938,7.764533305507741,0.8199465251501523,1.4085799552570086,2.670496588513405
287,137931034.48275867,0.0,0.8620689655172413,0.0,10,0,6.7041192054748535,False,1.5499205209436062,0.056818799600372324,3.745061556529198,2.399950625630415,1.8745106451818354,2.6689800227748064,0.4227255432652326,7.445256870748268,0.6943148871290966,1.6733406313489363,2.8786867667991625
288,655172413.7931035,0.0,0.3448275862068966,0.0,10,0,19.085633516311646,False,6.645431164941227,0.367710890154823,3.296137247212723,3.189102189206168,5.519944444577128,2.459295641574154,0.5037252624729517,7.194097777346783,1.0675553841077061,1.9878454397653358,2.770632539106958
289,137931034.48275867,0.0,0.8620689655172413,0.0,10,0,7.091622352600098,False,1.356698885351356,0.40025878165211776,3.8292446107144977,3.580003364952138,1.6081720315889838,2.54103169522868,0.23159774857654494,6.590739361893746,0.9457865414760576,1.3221617259774037,2.619538313582058
290,162068965.51724136,0.0,0.8379310344827586,0.0,10,0,20.255942344665527,False,1.979124703946664,0.053450934084772826,3.925283943146461,1.8665371446324337,2.833544580156336,2.955107316746459,0.8106923174073146,7.880053060706723,0.7391198271780272,1.730516811737067,2.2543126920924927
291,655172413.7931035,0.0,0.3448275862068966,0.0,10,0,17.16222620010376,False,1.019890266585905,0.3250153772110492,3.627388393371392,3.4039916955100997,2.381720662387303,2.8751413122635285,0.5868684144608032,6.752495681362281,0.887304170612703,1.5663108897942286,2.49691166282806
292,244827586.2068966,0.0,0.7551724137931034,0.0,10,0,7.503773212432861,False,11.966308156732834,0.36079006013203474,3.486008755529805,2.180688846407821,2.102816828616284,2.7577506563817105,0.34216288352391777,6.945435933559094,0.5605479557057278,1.4672889588838407,2.7110413971481973
293,203448275.86206892,0.0,0.7965517241379311,0.0,10,0,7.303742408752441,False,10.624855290730755,0.05963291747594488,3.369586015368134,2.8319350978953235,2.581868970519283,2.6261946974287844,0.4658945358687488,7.086187719811355,0.6569234242532732,1.8248902254920705,2.4287872641381894
294,155172413.79310343,0.0,0.8448275862068966,0.0,10,0,10.412082433700562,False,14.442463837484262,0.3831498082400318,2.963979870391368,3.236908234033697,1.7833157355150617,2.6939934830773673,0.40210532431048884,6.316143193751459,0.8247106650913884,1.905232400606465,2.578200359152496
295,655172413.7931035,0.0,0.3448275862068966,0.0,10,0,18.519026517868042,False,1.7189496141917049,0.052453825664545456,3.6962911004293435,2.6843259831482857,1.9365042148299978,2.793236570821308,0.2039809487344947,7.5801009956392065,0.9810665488446587,1.3984095521469644,2.660256560793662
296,162068965.51724136,0.0,0.8379310344827586,0.0,10,0,7.324492692947388,False,13.191787032991414,0.2734009011160965,3.5546298775047185,3.0586928466991514,1.427260257543197,2.18885565141666,0.29774243710752607,7.364202139666485,0.7691968738373045,1.6864725108700758,2.182185351502699
297,1000000000.0,0.0,0.0,0.0,10,0,1.8905260562896729,False,1.4335976921361215,0.3401595523919152,3.424303763613252,2.9461845833604303,1.1939269866452555,2.390725470864985,2.587608194566794,6.752903811964134,0.7094404580174468,1.2114303389886067,2.7930609080671216
298,193103448.27586213,0.0,0.8068965517241379,0.0,10,0,12.196935653686523,False,7.19055029706425,0.3113043970574279,3.608354855939511,1.5407075893533553,1.693411913729317,2.5794734666642554,0.5230827966694932,6.612330928656992,0.6177106083818011,1.503621597747585,2.9110544665218483
299,655172413.7931035,0.0,0.3448275862068966,0.0,10,0,18.705700635910034,False,1.5888318149408014,0.05611445813304023,3.516552208241345,2.4687542893215806,2.2819442763689906,2.4944074541201045,0.3869360686436009,6.455187939689218,0.8900105514311248,1.6103530400891277,2.3331098741394785
